subject_id,split_no,hostname,start_time,end_time,runtime_seconds
10244062723965,2,g3041,2026-01-22T01:57:01.604560,2026-01-22T02:00:28.992663,207.39
subject_id,split_no,hostname,start_time,end_time,runtime_seconds
10441917611067,5,g3057,2026-01-22T01:57:02.260872,2026-01-22T02:00:56.922764,234.66
subject_id,split_no,hostname,start_time,end_time,runtime_seconds
10064774423088,0,g3067,2026-01-22T01:56:49.054743,2026-01-22T02:01:07.418864,258.36
subject_id,split_no,hostname,start_time,end_time,runtime_seconds
10398309591377,3,g3044,2026-01-22T01:57:00.115550,2026-01-22T02:01:08.396819,248.28
subject_id,split_no,hostname,start_time,end_time,runtime_seconds
10429562789336,4,g3045,2026-01-22T01:56:52.571369,2026-01-22T02:02:01.152769,308.58
subject_id,split_no,hostname,start_time,end_time,runtime_seconds
10114964023436,1,g3074,2026-01-22T01:57:05.037447,2026-01-22T02:03:00.230488,355.19
subject_id,split_no,hostname,start_time,end_time,runtime_seconds
11495363861930,6,g3062,2026-01-22T01:58:16.266338,2026-01-22T02:04:10.724435,354.46
subject_id,split_no,hostname,start_time,end_time,runtime_seconds
10064774423088,0,g3045,2026-01-22T02:13:55.832065,2026-01-22T02:14:25.903316,30.07
subject_id,split_no,hostname,start_time,end_time,runtime_seconds
10398309591377,3,g3062,2026-01-22T02:13:59.817142,2026-01-22T02:14:41.915657,42.10
subject_id,split_no,hostname,start_time,end_time,runtime_seconds
10244062723965,2,g3062,2026-01-22T02:13:59.817243,2026-01-22T02:14:42.354018,42.54
subject_id,split_no,hostname,start_time,end_time,runtime_seconds
10114964023436,1,g3062,2026-01-22T02:13:59.817205,2026-01-22T02:14:42.360180,42.54
subject_id,split_no,hostname,start_time,end_time,runtime_seconds
10441917611067,5,g3067,2026-01-22T02:14:26.822271,2026-01-22T02:15:02.106575,35.28
subject_id,split_no,hostname,start_time,end_time,runtime_seconds
10429562789336,4,g3044,2026-01-22T02:14:27.423618,2026-01-22T02:15:03.838558,36.41
subject_id,split_no,hostname,start_time,end_time,runtime_seconds
11495363861930,6,g3074,2026-01-22T02:14:29.673570,2026-01-22T02:15:20.519827,50.85
subject_id,split_no,hostname,start_time,end_time,runtime_seconds
10064774423088,0,g3045,2026-01-22T02:16:56.482718,2026-01-22T02:17:06.951457,10.47
subject_id,split_no,hostname,start_time,end_time,runtime_seconds
10398309591377,3,g3062,2026-01-22T02:16:57.866858,2026-01-22T02:17:07.213626,9.35
subject_id,split_no,hostname,start_time,end_time,runtime_seconds
10114964023436,1,g3062,2026-01-22T02:16:57.868117,2026-01-22T02:17:08.357725,10.49
subject_id,split_no,hostname,start_time,end_time,runtime_seconds
10244062723965,2,g3062,2026-01-22T02:16:57.867782,2026-01-22T02:17:08.451692,10.58
subject_id,split_no,hostname,start_time,end_time,runtime_seconds
10429562789336,4,g3067,2026-01-22T02:17:27.511911,2026-01-22T02:17:41.339951,13.83
subject_id,split_no,hostname,start_time,end_time,runtime_seconds
10441917611067,5,g3074,2026-01-22T02:17:29.327448,2026-01-22T02:18:12.393604,43.07
subject_id,split_no,hostname,start_time,end_time,runtime_seconds
11495363861930,6,g3041,2026-01-22T02:17:37.026477,2026-01-22T02:18:17.916388,40.89
subject_id,split_no,hostname,start_time,end_time,runtime_seconds
11793095403620,7,g3044,2026-01-22T02:17:28.840866,2026-01-22T02:19:25.849063,117.01
subject_id,split_no,hostname,start_time,end_time,runtime_seconds
11868547770861,8,g3057,2026-01-22T02:17:38.992647,2026-01-22T02:20:02.618307,143.63
subject_id,split_no,hostname,start_time,end_time,runtime_seconds
11961775761525,9,g3066,2026-01-22T02:18:11.523450,2026-01-22T02:20:55.757908,164.23
subject_id,split_no,hostname,start_time,end_time,runtime_seconds
13982414451514,1,g3062,2026-01-22T02:17:08.362064,2026-01-22T02:27:58.703489,650.34
subject_id,split_no,hostname,start_time,end_time,runtime_seconds
14762184019761,3,g3062,2026-01-22T02:17:07.227076,2026-01-22T02:28:14.462343,667.24
subject_id,split_no,hostname,start_time,end_time,runtime_seconds
13799268563035,0,g3045,2026-01-22T02:17:06.965676,2026-01-22T02:28:19.267846,672.30
subject_id,split_no,hostname,start_time,end_time,runtime_seconds
14125911381782,2,g3062,2026-01-22T02:17:08.458510,2026-01-22T02:28:24.859295,676.40
subject_id,split_no,hostname,start_time,end_time,runtime_seconds
14922568896202,4,g3067,2026-01-22T02:17:41.354443,2026-01-22T02:31:01.856011,800.50
subject_id,split_no,hostname,start_time,end_time,runtime_seconds
12167198495341,10,g3065,2026-01-22T02:29:23.969149,2026-01-22T02:33:13.007054,229.04
subject_id,split_no,hostname,start_time,end_time,runtime_seconds
15668000246431,6,g3041,2026-01-22T02:18:17.925412,2026-01-22T02:34:13.228405,955.30
subject_id,split_no,hostname,start_time,end_time,runtime_seconds
14938670040464,5,g3074,2026-01-22T02:18:12.422658,2026-01-22T02:34:16.605647,964.18
subject_id,split_no,hostname,start_time,end_time,runtime_seconds
16058787153001,8,g3057,2026-01-22T02:20:02.652919,2026-01-22T02:36:01.525927,958.87
subject_id,split_no,hostname,start_time,end_time,runtime_seconds
15937880385805,7,g3044,2026-01-22T02:19:25.883423,2026-01-22T02:36:16.118193,1010.23
subject_id,split_no,hostname,start_time,end_time,runtime_seconds
16228664760455,9,g3066,2026-01-22T02:20:55.909514,2026-01-22T02:38:36.027952,1060.12
subject_id,split_no,hostname,start_time,end_time,runtime_seconds
17438703990611,3,g3062,2026-01-22T02:28:14.470051,2026-01-22T02:48:51.911856,1237.44
subject_id,split_no,hostname,start_time,end_time,runtime_seconds
17473147525541,4,g3067,2026-01-22T02:31:01.881317,2026-01-22T02:49:02.445919,1080.56
subject_id,split_no,hostname,start_time,end_time,runtime_seconds
17393945148956,2,g3062,2026-01-22T02:28:24.900172,2026-01-22T02:49:11.503955,1246.60
subject_id,split_no,hostname,start_time,end_time,runtime_seconds
17262617574870,1,g3062,2026-01-22T02:27:58.727059,2026-01-22T02:50:22.867256,1344.14
subject_id,split_no,hostname,start_time,end_time,runtime_seconds
17927755785666,8,g3057,2026-01-22T02:36:01.555381,2026-01-22T02:51:51.731080,950.18
subject_id,split_no,hostname,start_time,end_time,runtime_seconds
17236206359109,0,g3045,2026-01-22T02:28:19.284075,2026-01-22T02:52:03.530385,1424.25
subject_id,split_no,hostname,start_time,end_time,runtime_seconds
17816672235957,7,g3044,2026-01-22T02:36:16.142508,2026-01-22T02:52:25.309217,969.17
subject_id,split_no,hostname,start_time,end_time,runtime_seconds
17508842326859,5,g3074,2026-01-22T02:34:16.622621,2026-01-22T02:56:52.728696,1356.11
subject_id,split_no,hostname,start_time,end_time,runtime_seconds
18178570365313,9,g3066,2026-01-22T02:38:36.055843,2026-01-22T02:57:27.276201,1131.22
subject_id,split_no,hostname,start_time,end_time,runtime_seconds
12483336067346,13,g3060,2026-01-22T02:55:56.624610,2026-01-22T03:00:26.857772,270.23
subject_id,split_no,hostname,start_time,end_time,runtime_seconds
10429562789336,4,g3041,2026-01-22T03:19:48.054143,2026-01-22T03:20:40.326932,52.27
subject_id,split_no,hostname,start_time,end_time,runtime_seconds
10441917611067,5,g3041,2026-01-22T03:19:48.054108,2026-01-22T03:20:40.822569,52.77
subject_id,split_no,hostname,start_time,end_time,runtime_seconds
10244062723965,2,g3067,2026-01-22T03:19:48.247832,2026-01-22T03:20:42.186264,53.94
subject_id,split_no,hostname,start_time,end_time,runtime_seconds
11793095403620,7,g3045,2026-01-22T03:19:48.224158,2026-01-22T03:20:44.154107,55.93
subject_id,split_no,hostname,start_time,end_time,runtime_seconds
11495363861930,6,g3044,2026-01-22T03:19:48.107168,2026-01-22T03:20:44.780048,56.67
subject_id,split_no,hostname,start_time,end_time,runtime_seconds
11961775761525,9,g3057,2026-01-22T03:19:48.178044,2026-01-22T03:20:45.016535,56.84
subject_id,split_no,hostname,start_time,end_time,runtime_seconds
14922568896202,4,g3041,2026-01-22T03:20:40.366768,2026-01-22T03:20:51.696361,11.33
subject_id,split_no,hostname,start_time,end_time,runtime_seconds
14125911381782,2,g3067,2026-01-22T03:20:42.200700,2026-01-22T03:20:52.208427,10.01
subject_id,split_no,hostname,start_time,end_time,runtime_seconds
14938670040464,5,g3041,2026-01-22T03:20:40.829098,2026-01-22T03:20:52.612342,11.78
subject_id,split_no,hostname,start_time,end_time,runtime_seconds
10064774423088,0,g3062,2026-01-22T03:19:49.447228,2026-01-22T03:20:52.839418,63.39
subject_id,split_no,hostname,start_time,end_time,runtime_seconds
10114964023436,1,g3066,2026-01-22T03:19:51.076653,2026-01-22T03:20:53.100388,62.02
subject_id,split_no,hostname,start_time,end_time,runtime_seconds
15937880385805,7,g3045,2026-01-22T03:20:44.168519,2026-01-22T03:20:55.352628,11.18
subject_id,split_no,hostname,start_time,end_time,runtime_seconds
16228664760455,9,g3057,2026-01-22T03:20:45.030051,2026-01-22T03:20:55.519310,10.49
subject_id,split_no,hostname,start_time,end_time,runtime_seconds
11868547770861,8,g3055,2026-01-22T03:19:48.720646,2026-01-22T03:20:55.600039,66.88
subject_id,split_no,hostname,start_time,end_time,runtime_seconds
15668000246431,6,g3044,2026-01-22T03:20:44.794690,2026-01-22T03:20:55.871974,11.08
subject_id,split_no,hostname,start_time,end_time,runtime_seconds
10398309591377,3,g3074,2026-01-22T03:19:48.117375,2026-01-22T03:20:58.589073,70.47
subject_id,split_no,hostname,start_time,end_time,runtime_seconds
17393945148956,2,g3067,2026-01-22T03:20:52.228191,2026-01-22T03:21:02.526353,10.30
subject_id,split_no,hostname,start_time,end_time,runtime_seconds
17473147525541,4,g3041,2026-01-22T03:20:51.708160,2026-01-22T03:21:02.902276,11.19
subject_id,split_no,hostname,start_time,end_time,runtime_seconds
17508842326859,5,g3041,2026-01-22T03:20:52.621545,2026-01-22T03:21:03.246534,10.62
subject_id,split_no,hostname,start_time,end_time,runtime_seconds
13799268563035,0,g3062,2026-01-22T03:20:52.875081,2026-01-22T03:21:03.692133,10.82
subject_id,split_no,hostname,start_time,end_time,runtime_seconds
13982414451514,1,g3066,2026-01-22T03:20:53.121922,2026-01-22T03:21:04.212966,11.09
subject_id,split_no,hostname,start_time,end_time,runtime_seconds
18178570365313,9,g3057,2026-01-22T03:20:55.541427,2026-01-22T03:21:06.542068,11.00
subject_id,split_no,hostname,start_time,end_time,runtime_seconds
17816672235957,7,g3045,2026-01-22T03:20:55.364633,2026-01-22T03:21:08.072529,12.71
subject_id,split_no,hostname,start_time,end_time,runtime_seconds
20928443018612,5,g3041,2026-01-22T03:21:03.252397,2026-01-22T03:21:14.573666,11.32
subject_id,split_no,hostname,start_time,end_time,runtime_seconds
20802163963645,4,g3041,2026-01-22T03:21:02.916058,2026-01-22T03:21:15.396749,12.48
subject_id,split_no,hostname,start_time,end_time,runtime_seconds
17236206359109,0,g3062,2026-01-22T03:21:03.706378,2026-01-22T03:21:15.771362,12.06
subject_id,split_no,hostname,start_time,end_time,runtime_seconds
17262617574870,1,g3066,2026-01-22T03:21:04.230374,2026-01-22T03:21:16.822437,12.59
subject_id,split_no,hostname,start_time,end_time,runtime_seconds
14762184019761,3,g3074,2026-01-22T03:20:58.602153,2026-01-22T03:21:17.651930,19.05
subject_id,split_no,hostname,start_time,end_time,runtime_seconds
21845623478439,9,g3057,2026-01-22T03:21:06.554209,2026-01-22T03:21:17.841640,11.29
subject_id,split_no,hostname,start_time,end_time,runtime_seconds
21761046488110,7,g3045,2026-01-22T03:21:08.088582,2026-01-22T03:21:19.396884,11.31
subject_id,split_no,hostname,start_time,end_time,runtime_seconds
16058787153001,8,g3055,2026-01-22T03:20:55.613252,2026-01-22T03:21:22.014142,26.40
subject_id,split_no,hostname,start_time,end_time,runtime_seconds
19515069348763,0,g3062,2026-01-22T03:21:15.790064,2026-01-22T03:21:27.144545,11.35
subject_id,split_no,hostname,start_time,end_time,runtime_seconds
17438703990611,3,g3074,2026-01-22T03:21:17.666229,2026-01-22T03:21:48.011598,30.35
subject_id,split_no,hostname,start_time,end_time,runtime_seconds
17927755785666,8,g3055,2026-01-22T03:21:22.030947,2026-01-22T03:21:50.021915,27.99
subject_id,split_no,hostname,start_time,end_time,runtime_seconds
21802600731288,8,g3055,2026-01-22T03:21:50.045828,2026-01-22T03:22:01.388119,11.34
subject_id,split_no,hostname,start_time,end_time,runtime_seconds
20753900311247,3,g3074,2026-01-22T03:21:48.029377,2026-01-22T03:22:03.512381,15.48
subject_id,split_no,hostname,start_time,end_time,runtime_seconds
20567292369503,2,g3067,2026-01-22T03:21:02.542099,2026-01-22T03:23:17.722817,135.18
subject_id,split_no,hostname,start_time,end_time,runtime_seconds
17641413509638,6,g3044,2026-01-22T03:20:55.884438,2026-01-22T03:23:22.948094,147.06
subject_id,split_no,hostname,start_time,end_time,runtime_seconds
20227712453519,1,g3066,2026-01-22T03:21:16.839308,2026-01-22T03:23:44.274462,147.44
subject_id,split_no,hostname,start_time,end_time,runtime_seconds
12167198495341,10,g3055,2026-01-22T03:30:59.314274,2026-01-22T03:31:52.235157,52.92
subject_id,split_no,hostname,start_time,end_time,runtime_seconds
23274951412464,4,g3041,2026-01-22T03:21:15.401936,2026-01-22T03:46:24.226376,1508.82
subject_id,split_no,hostname,start_time,end_time,runtime_seconds
23281773745711,5,g3041,2026-01-22T03:21:14.599981,2026-01-22T03:46:40.701250,1526.10
subject_id,split_no,hostname,start_time,end_time,runtime_seconds
23148363972280,2,g3067,2026-01-22T03:23:17.755882,2026-01-22T03:47:11.427437,1433.67
subject_id,split_no,hostname,start_time,end_time,runtime_seconds
22783198456254,1,g3066,2026-01-22T03:23:44.298699,2026-01-22T03:47:23.594079,1419.30
subject_id,split_no,hostname,start_time,end_time,runtime_seconds
23218855559881,3,g3074,2026-01-22T03:22:03.524426,2026-01-22T03:47:46.682938,1543.16
subject_id,split_no,hostname,start_time,end_time,runtime_seconds
21543361887748,6,g3044,2026-01-22T03:23:22.962403,2026-01-22T03:47:51.577382,1468.61
subject_id,split_no,hostname,start_time,end_time,runtime_seconds
12295585158434,12,g3064,2026-01-22T03:42:59.379431,2026-01-22T03:49:04.845940,365.47
subject_id,split_no,hostname,start_time,end_time,runtime_seconds
24218688635597,9,g3057,2026-01-22T03:21:17.854123,2026-01-22T03:49:23.038461,1685.18
subject_id,split_no,hostname,start_time,end_time,runtime_seconds
23560806231745,7,g3045,2026-01-22T03:21:19.413693,2026-01-22T03:49:42.887838,1703.47
subject_id,split_no,hostname,start_time,end_time,runtime_seconds
12483336067346,13,g3040,2026-01-22T03:55:52.112838,2026-01-22T03:56:51.946762,59.83
subject_id,split_no,hostname,start_time,end_time,runtime_seconds
16596482480503,13,g3040,2026-01-22T03:56:51.989743,2026-01-22T03:59:14.886624,142.90
subject_id,split_no,hostname,start_time,end_time,runtime_seconds
12603555538074,14,g3060,2026-01-22T04:02:58.782677,2026-01-22T04:04:06.363368,67.58
subject_id,split_no,hostname,start_time,end_time,runtime_seconds
23517767890026,6,g3044,2026-01-22T03:47:51.589634,2026-01-22T04:06:53.485564,1141.90
subject_id,split_no,hostname,start_time,end_time,runtime_seconds
26858321694770,2,g3067,2026-01-22T03:47:11.457716,2026-01-22T04:07:11.123849,1199.67
subject_id,split_no,hostname,start_time,end_time,runtime_seconds
26893343487601,3,g3074,2026-01-22T03:47:46.702082,2026-01-22T04:12:10.850244,1464.15
subject_id,split_no,hostname,start_time,end_time,runtime_seconds
12610730367854,15,g3064,2026-01-22T04:11:01.604741,2026-01-22T04:12:19.670962,78.07
subject_id,split_no,hostname,start_time,end_time,runtime_seconds
27493821342368,7,g3045,2026-01-22T03:49:42.907721,2026-01-22T04:12:54.897380,1391.99
subject_id,split_no,hostname,start_time,end_time,runtime_seconds
27688522025372,9,g3057,2026-01-22T03:49:23.088591,2026-01-22T04:13:28.832470,1445.74
subject_id,split_no,hostname,start_time,end_time,runtime_seconds
26833157256271,1,g3066,2026-01-22T03:47:23.621319,2026-01-22T04:14:52.573752,1648.95
subject_id,split_no,hostname,start_time,end_time,runtime_seconds
18593047283669,13,g3040,2026-01-22T03:59:14.893068,2026-01-22T04:18:12.002124,1137.11
subject_id,split_no,hostname,start_time,end_time,runtime_seconds
16635154909336,14,g3060,2026-01-22T04:04:06.389694,2026-01-22T04:20:56.851133,1010.46
subject_id,split_no,hostname,start_time,end_time,runtime_seconds
30249571217369,2,g3067,2026-01-22T04:07:11.133278,2026-01-22T04:28:01.170899,1250.04
subject_id,split_no,hostname,start_time,end_time,runtime_seconds
27148952284995,6,g3044,2026-01-22T04:06:53.522788,2026-01-22T04:29:23.288495,1349.77
subject_id,split_no,hostname,start_time,end_time,runtime_seconds
30718077526767,7,g3045,2026-01-22T04:12:54.922189,2026-01-22T04:31:55.074164,1140.15
subject_id,split_no,hostname,start_time,end_time,runtime_seconds
16741868665515,15,g3064,2026-01-22T04:12:19.682766,2026-01-22T04:32:30.521666,1210.84
subject_id,split_no,hostname,start_time,end_time,runtime_seconds
30809796368199,9,g3057,2026-01-22T04:13:28.861015,2026-01-22T04:32:35.276850,1146.42
subject_id,split_no,hostname,start_time,end_time,runtime_seconds
30287088240713,3,g3074,2026-01-22T04:12:10.868482,2026-01-22T04:33:11.565978,1260.70
subject_id,split_no,hostname,start_time,end_time,runtime_seconds
22222013311100,13,g3040,2026-01-22T04:18:12.014430,2026-01-22T04:34:20.599613,968.59
subject_id,split_no,hostname,start_time,end_time,runtime_seconds
18656989117944,14,g3060,2026-01-22T04:20:56.877434,2026-01-22T04:35:46.253073,889.38
subject_id,split_no,hostname,start_time,end_time,runtime_seconds
30223399781499,1,g3066,2026-01-22T04:14:52.629057,2026-01-22T04:37:52.889357,1380.26
subject_id,split_no,hostname,start_time,end_time,runtime_seconds
33690685722826,2,g3067,2026-01-22T04:28:01.222716,2026-01-22T04:52:50.825517,1489.60
subject_id,split_no,hostname,start_time,end_time,runtime_seconds
33718969393831,3,g3074,2026-01-22T04:33:11.586322,2026-01-22T04:54:13.629609,1262.04
subject_id,split_no,hostname,start_time,end_time,runtime_seconds
18859300738112,15,g3064,2026-01-22T04:32:30.555261,2026-01-22T04:54:17.436622,1306.88
subject_id,split_no,hostname,start_time,end_time,runtime_seconds
36361143111330,7,g3045,2026-01-22T04:31:55.157097,2026-01-22T04:54:24.963549,1349.81
subject_id,split_no,hostname,start_time,end_time,runtime_seconds
30650427919742,6,g3044,2026-01-22T04:29:23.315834,2026-01-22T04:54:36.359409,1513.04
subject_id,split_no,hostname,start_time,end_time,runtime_seconds
25097313172624,13,g3040,2026-01-22T04:34:20.667772,2026-01-22T04:56:36.810063,1336.14
subject_id,split_no,hostname,start_time,end_time,runtime_seconds
38673156607957,9,g3057,2026-01-22T04:32:35.289939,2026-01-22T04:56:58.556085,1463.27
subject_id,split_no,hostname,start_time,end_time,runtime_seconds
33660050820860,1,g3066,2026-01-22T04:37:52.930856,2026-01-22T04:57:54.487424,1201.56
subject_id,split_no,hostname,start_time,end_time,runtime_seconds
22340848740056,14,g3060,2026-01-22T04:35:46.377197,2026-01-22T04:59:03.576261,1397.20
subject_id,split_no,hostname,start_time,end_time,runtime_seconds
59499886691466,7,g3045,2026-01-22T04:54:25.071475,2026-01-22T05:19:06.097048,1481.03
subject_id,split_no,hostname,start_time,end_time,runtime_seconds
48239930456278,2,g3067,2026-01-22T04:52:50.899519,2026-01-22T05:19:10.816558,1579.92
subject_id,split_no,hostname,start_time,end_time,runtime_seconds
49244676843532,3,g3074,2026-01-22T04:54:13.672192,2026-01-22T05:19:36.507529,1522.84
subject_id,split_no,hostname,start_time,end_time,runtime_seconds
12672270699804,16,g3040,2026-01-22T05:18:10.305698,2026-01-22T05:19:39.378037,89.07
subject_id,split_no,hostname,start_time,end_time,runtime_seconds
25242073263098,14,g3060,2026-01-22T04:59:03.671161,2026-01-22T05:19:40.758757,1237.09
subject_id,split_no,hostname,start_time,end_time,runtime_seconds
36201305796834,6,g3044,2026-01-22T04:54:36.419201,2026-01-22T05:20:11.159652,1534.74
subject_id,split_no,hostname,start_time,end_time,runtime_seconds
22478736382873,15,g3064,2026-01-22T04:54:17.469037,2026-01-22T05:20:26.275217,1568.81
subject_id,split_no,hostname,start_time,end_time,runtime_seconds
62146545467058,9,g3057,2026-01-22T04:56:58.724372,2026-01-22T05:20:57.489003,1438.76
subject_id,split_no,hostname,start_time,end_time,runtime_seconds
47982566359889,1,g3066,2026-01-22T04:57:54.508147,2026-01-22T05:21:17.834623,1403.33
subject_id,split_no,hostname,start_time,end_time,runtime_seconds
12685165126954,17,g3062,2026-01-22T05:28:24.428947,2026-01-22T05:29:25.901740,61.47
subject_id,split_no,hostname,start_time,end_time,runtime_seconds
86479430180778,2,g3067,2026-01-22T05:19:10.830987,2026-01-22T05:39:19.045209,1208.21
subject_id,split_no,hostname,start_time,end_time,runtime_seconds
59243724971828,6,g3044,2026-01-22T05:20:11.290054,2026-01-22T05:39:31.684753,1160.39
subject_id,split_no,hostname,start_time,end_time,runtime_seconds
25310981994593,15,g3064,2026-01-22T05:20:26.311457,2026-01-22T05:40:25.885061,1199.57
subject_id,split_no,hostname,start_time,end_time,runtime_seconds
28181545952203,14,g3060,2026-01-22T05:19:40.775047,2026-01-22T05:40:30.052923,1249.28
subject_id,split_no,hostname,start_time,end_time,runtime_seconds
84898953059284,1,g3066,2026-01-22T05:21:17.874509,2026-01-22T05:40:46.533562,1168.66
subject_id,split_no,hostname,start_time,end_time,runtime_seconds
16841296268084,16,g3040,2026-01-22T05:19:39.396350,2026-01-22T05:40:47.526161,1268.13
subject_id,split_no,hostname,start_time,end_time,runtime_seconds
86494014107780,3,g3074,2026-01-22T05:19:36.602815,2026-01-22T05:41:20.121698,1303.52
subject_id,split_no,hostname,start_time,end_time,runtime_seconds
13022952193695,18,g3057,2026-01-22T05:40:08.332576,2026-01-22T05:41:29.347114,81.01
subject_id,split_no,hostname,start_time,end_time,runtime_seconds
10064774423088,0,g3040,2026-01-22T05:40:27.847698,2026-01-22T05:42:53.358415,145.51
subject_id,split_no,hostname,start_time,end_time,runtime_seconds
13215970035309,19,g3050,2026-01-22T05:40:40.738002,2026-01-22T05:42:53.437486,132.70
subject_id,split_no,hostname,start_time,end_time,runtime_seconds
10114964023436,1,g3040,2026-01-22T05:40:27.847767,2026-01-22T05:43:06.548215,158.70
subject_id,split_no,hostname,start_time,end_time,runtime_seconds
11793095403620,7,g3067,2026-01-22T05:41:00.929997,2026-01-22T05:43:06.978894,126.05
subject_id,split_no,hostname,start_time,end_time,runtime_seconds
11495363861930,6,g3065,2026-01-22T05:40:57.884188,2026-01-22T05:43:21.457892,143.57
subject_id,split_no,hostname,start_time,end_time,runtime_seconds
10441917611067,5,g3065,2026-01-22T05:40:57.884192,2026-01-22T05:43:21.683596,143.80
subject_id,split_no,hostname,start_time,end_time,runtime_seconds
10429562789336,4,g3065,2026-01-22T05:40:57.884225,2026-01-22T05:43:28.028291,150.14
subject_id,split_no,hostname,start_time,end_time,runtime_seconds
15937880385805,7,g3067,2026-01-22T05:43:06.991826,2026-01-22T05:43:36.668477,29.68
subject_id,split_no,hostname,start_time,end_time,runtime_seconds
13982414451514,1,g3040,2026-01-22T05:43:06.560247,2026-01-22T05:43:50.864091,44.30
subject_id,split_no,hostname,start_time,end_time,runtime_seconds
14938670040464,5,g3065,2026-01-22T05:43:21.687724,2026-01-22T05:44:00.996529,39.31
subject_id,split_no,hostname,start_time,end_time,runtime_seconds
17816672235957,7,g3067,2026-01-22T05:43:36.675668,2026-01-22T05:44:02.435705,25.76
subject_id,split_no,hostname,start_time,end_time,runtime_seconds
13799268563035,0,g3040,2026-01-22T05:42:53.458649,2026-01-22T05:44:05.138328,71.68
subject_id,split_no,hostname,start_time,end_time,runtime_seconds
14922568896202,4,g3065,2026-01-22T05:43:28.035358,2026-01-22T05:44:14.423828,46.39
subject_id,split_no,hostname,start_time,end_time,runtime_seconds
17262617574870,1,g3040,2026-01-22T05:43:50.876589,2026-01-22T05:44:22.898012,32.02
subject_id,split_no,hostname,start_time,end_time,runtime_seconds
15668000246431,6,g3065,2026-01-22T05:43:21.505551,2026-01-22T05:44:28.549231,67.04
subject_id,split_no,hostname,start_time,end_time,runtime_seconds
21761046488110,7,g3067,2026-01-22T05:44:02.444988,2026-01-22T05:44:32.103373,29.66
subject_id,split_no,hostname,start_time,end_time,runtime_seconds
17236206359109,0,g3040,2026-01-22T05:44:05.156316,2026-01-22T05:44:37.843939,32.69
subject_id,split_no,hostname,start_time,end_time,runtime_seconds
17508842326859,5,g3065,2026-01-22T05:44:01.110425,2026-01-22T05:44:41.800603,40.69
subject_id,split_no,hostname,start_time,end_time,runtime_seconds
20227712453519,1,g3040,2026-01-22T05:44:22.945088,2026-01-22T05:44:52.671612,29.73
subject_id,split_no,hostname,start_time,end_time,runtime_seconds
17473147525541,4,g3065,2026-01-22T05:44:14.587835,2026-01-22T05:44:56.417596,41.83
subject_id,split_no,hostname,start_time,end_time,runtime_seconds
23560806231745,7,g3067,2026-01-22T05:44:32.112316,2026-01-22T05:45:02.675788,30.56
subject_id,split_no,hostname,start_time,end_time,runtime_seconds
11868547770861,8,g3045,2026-01-22T05:41:57.359588,2026-01-22T05:45:02.982611,185.62
subject_id,split_no,hostname,start_time,end_time,runtime_seconds
11961775761525,9,g3066,2026-01-22T05:42:31.170080,2026-01-22T05:45:06.694195,155.52
subject_id,split_no,hostname,start_time,end_time,runtime_seconds
17641413509638,6,g3065,2026-01-22T05:44:28.560596,2026-01-22T05:45:10.971302,42.41
subject_id,split_no,hostname,start_time,end_time,runtime_seconds
19515069348763,0,g3040,2026-01-22T05:44:37.853640,2026-01-22T05:45:13.608042,35.75
subject_id,split_no,hostname,start_time,end_time,runtime_seconds
20928443018612,5,g3065,2026-01-22T05:44:41.811095,2026-01-22T05:45:23.421859,41.61
subject_id,split_no,hostname,start_time,end_time,runtime_seconds
12167198495341,10,g3074,2026-01-22T05:42:55.495712,2026-01-22T05:45:24.686722,149.19
subject_id,split_no,hostname,start_time,end_time,runtime_seconds
22783198456254,1,g3040,2026-01-22T05:44:52.679646,2026-01-22T05:45:29.367068,36.69
subject_id,split_no,hostname,start_time,end_time,runtime_seconds
27493821342368,7,g3067,2026-01-22T05:45:02.716468,2026-01-22T05:45:34.802081,32.09
subject_id,split_no,hostname,start_time,end_time,runtime_seconds
20802163963645,4,g3065,2026-01-22T05:44:56.427290,2026-01-22T05:45:38.461214,42.03
subject_id,split_no,hostname,start_time,end_time,runtime_seconds
16058787153001,8,g3045,2026-01-22T05:45:02.997793,2026-01-22T05:45:40.408298,37.41
subject_id,split_no,hostname,start_time,end_time,runtime_seconds
22739958691056,0,g3040,2026-01-22T05:45:13.619283,2026-01-22T05:45:42.036962,28.42
subject_id,split_no,hostname,start_time,end_time,runtime_seconds
16228664760455,9,g3066,2026-01-22T05:45:06.705289,2026-01-22T05:45:50.846797,44.14
subject_id,split_no,hostname,start_time,end_time,runtime_seconds
21543361887748,6,g3065,2026-01-22T05:45:11.067581,2026-01-22T05:45:51.520669,40.45
subject_id,split_no,hostname,start_time,end_time,runtime_seconds
23281773745711,5,g3065,2026-01-22T05:45:23.426242,2026-01-22T05:46:02.063852,38.64
subject_id,split_no,hostname,start_time,end_time,runtime_seconds
16339919319697,10,g3074,2026-01-22T05:45:24.705358,2026-01-22T05:46:06.450811,41.75
subject_id,split_no,hostname,start_time,end_time,runtime_seconds
30718077526767,7,g3067,2026-01-22T05:45:34.811210,2026-01-22T05:46:06.784044,31.97
subject_id,split_no,hostname,start_time,end_time,runtime_seconds
17927755785666,8,g3045,2026-01-22T05:45:40.422772,2026-01-22T05:46:10.682398,30.26
subject_id,split_no,hostname,start_time,end_time,runtime_seconds
23274951412464,4,g3065,2026-01-22T05:45:38.470118,2026-01-22T05:46:14.623323,36.15
subject_id,split_no,hostname,start_time,end_time,runtime_seconds
26833157256271,1,g3040,2026-01-22T05:45:29.375460,2026-01-22T05:46:21.590846,52.22
subject_id,split_no,hostname,start_time,end_time,runtime_seconds
36361143111330,7,g3067,2026-01-22T05:46:06.797242,2026-01-22T05:46:28.765170,21.97
subject_id,split_no,hostname,start_time,end_time,runtime_seconds
23517767890026,6,g3065,2026-01-22T05:45:51.532865,2026-01-22T05:46:28.921361,37.39
subject_id,split_no,hostname,start_time,end_time,runtime_seconds
18178570365313,9,g3066,2026-01-22T05:45:50.857100,2026-01-22T05:46:32.454702,41.60
subject_id,split_no,hostname,start_time,end_time,runtime_seconds
21802600731288,8,g3045,2026-01-22T05:46:10.694424,2026-01-22T05:46:42.882087,32.19
subject_id,split_no,hostname,start_time,end_time,runtime_seconds
27091259602746,5,g3065,2026-01-22T05:46:02.069148,2026-01-22T05:46:46.062932,43.99
subject_id,split_no,hostname,start_time,end_time,runtime_seconds
30223399781499,1,g3040,2026-01-22T05:46:21.603249,2026-01-22T05:46:46.492548,24.89
subject_id,split_no,hostname,start_time,end_time,runtime_seconds
27006137583344,4,g3065,2026-01-22T05:46:14.632129,2026-01-22T05:46:58.550769,43.92
subject_id,split_no,hostname,start_time,end_time,runtime_seconds
59499886691466,7,g3067,2026-01-22T05:46:28.775750,2026-01-22T05:47:00.063356,31.29
subject_id,split_no,hostname,start_time,end_time,runtime_seconds
21845623478439,9,g3066,2026-01-22T05:46:32.471200,2026-01-22T05:47:06.541979,34.07
subject_id,split_no,hostname,start_time,end_time,runtime_seconds
24081053373989,8,g3045,2026-01-22T05:46:42.888741,2026-01-22T05:47:18.026203,35.14
subject_id,split_no,hostname,start_time,end_time,runtime_seconds
27148952284995,6,g3065,2026-01-22T05:46:28.932711,2026-01-22T05:47:19.946881,51.01
subject_id,split_no,hostname,start_time,end_time,runtime_seconds
10244062723965,2,g3046,2026-01-22T05:41:24.416648,2026-01-22T05:47:20.462775,356.05
subject_id,split_no,hostname,start_time,end_time,runtime_seconds
10398309591377,3,g3046,2026-01-22T05:41:24.417787,2026-01-22T05:47:20.693107,356.28
subject_id,split_no,hostname,start_time,end_time,runtime_seconds
90024861092544,7,g3067,2026-01-22T05:47:00.089439,2026-01-22T05:47:27.814374,27.72
subject_id,split_no,hostname,start_time,end_time,runtime_seconds
24218688635597,9,g3066,2026-01-22T05:47:06.549680,2026-01-22T05:47:36.618921,30.07
subject_id,split_no,hostname,start_time,end_time,runtime_seconds
33660050820860,1,g3040,2026-01-22T05:46:46.508737,2026-01-22T05:47:39.087515,52.58
subject_id,split_no,hostname,start_time,end_time,runtime_seconds
30650427919742,6,g3065,2026-01-22T05:47:19.960466,2026-01-22T05:47:51.249350,31.29
subject_id,split_no,hostname,start_time,end_time,runtime_seconds
14125911381782,2,g3046,2026-01-22T05:47:20.478451,2026-01-22T05:47:54.484542,34.01
subject_id,split_no,hostname,start_time,end_time,runtime_seconds
47982566359889,1,g3040,2026-01-22T05:47:39.098860,2026-01-22T05:48:04.253921,25.16
subject_id,split_no,hostname,start_time,end_time,runtime_seconds
27688522025372,9,g3066,2026-01-22T05:47:36.628195,2026-01-22T05:48:06.656965,30.03
subject_id,split_no,hostname,start_time,end_time,runtime_seconds
14762184019761,3,g3046,2026-01-22T05:47:20.700663,2026-01-22T05:48:11.118068,50.42
subject_id,split_no,hostname,start_time,end_time,runtime_seconds
84898953059284,1,g3040,2026-01-22T05:48:04.262839,2026-01-22T05:48:27.674587,23.41
subject_id,split_no,hostname,start_time,end_time,runtime_seconds
17393945148956,2,g3046,2026-01-22T05:47:54.493243,2026-01-22T05:48:28.595874,34.10
subject_id,split_no,hostname,start_time,end_time,runtime_seconds
36201305796834,6,g3065,2026-01-22T05:47:51.274881,2026-01-22T05:48:34.098533,42.82
subject_id,split_no,hostname,start_time,end_time,runtime_seconds
30809796368199,9,g3066,2026-01-22T05:48:06.668537,2026-01-22T05:48:38.192452,31.52
subject_id,split_no,hostname,start_time,end_time,runtime_seconds
17438703990611,3,g3046,2026-01-22T05:48:11.129451,2026-01-22T05:48:46.254011,35.12
subject_id,split_no,hostname,start_time,end_time,runtime_seconds
59243724971828,6,g3065,2026-01-22T05:48:34.112056,2026-01-22T05:48:56.893559,22.78
subject_id,split_no,hostname,start_time,end_time,runtime_seconds
20567292369503,2,g3046,2026-01-22T05:48:28.612166,2026-01-22T05:49:03.568112,34.96
subject_id,split_no,hostname,start_time,end_time,runtime_seconds
38673156607957,9,g3066,2026-01-22T05:48:38.209295,2026-01-22T05:49:09.529569,31.32
subject_id,split_no,hostname,start_time,end_time,runtime_seconds
20753900311247,3,g3046,2026-01-22T05:48:46.261597,2026-01-22T05:49:18.769345,32.51
subject_id,split_no,hostname,start_time,end_time,runtime_seconds
23148363972280,2,g3046,2026-01-22T05:49:03.580755,2026-01-22T05:49:32.140783,28.56
subject_id,split_no,hostname,start_time,end_time,runtime_seconds
62146545467058,9,g3066,2026-01-22T05:49:09.538722,2026-01-22T05:49:36.796499,27.26
subject_id,split_no,hostname,start_time,end_time,runtime_seconds
23218855559881,3,g3046,2026-01-22T05:49:18.778867,2026-01-22T05:49:49.421549,30.64
subject_id,split_no,hostname,start_time,end_time,runtime_seconds
12295585158434,12,g3040,2026-01-22T05:48:59.837060,2026-01-22T05:49:54.396900,54.56
subject_id,split_no,hostname,start_time,end_time,runtime_seconds
26858321694770,2,g3046,2026-01-22T05:49:32.147738,2026-01-22T05:50:04.727408,32.58
subject_id,split_no,hostname,start_time,end_time,runtime_seconds
99542841613815,9,g3066,2026-01-22T05:49:36.808308,2026-01-22T05:50:09.289095,32.48
subject_id,split_no,hostname,start_time,end_time,runtime_seconds
26893343487601,3,g3046,2026-01-22T05:49:49.429081,2026-01-22T05:50:21.642144,32.21
subject_id,split_no,hostname,start_time,end_time,runtime_seconds
12483336067346,13,g3067,2026-01-22T05:49:00.073213,2026-01-22T05:50:34.990428,94.92
subject_id,split_no,hostname,start_time,end_time,runtime_seconds
30249571217369,2,g3046,2026-01-22T05:50:04.740004,2026-01-22T05:50:35.206988,30.47
subject_id,split_no,hostname,start_time,end_time,runtime_seconds
30287088240713,3,g3046,2026-01-22T05:50:21.652890,2026-01-22T05:50:51.972892,30.32
subject_id,split_no,hostname,start_time,end_time,runtime_seconds
12603555538074,14,g3040,2026-01-22T05:50:27.804115,2026-01-22T05:50:56.784390,28.98
subject_id,split_no,hostname,start_time,end_time,runtime_seconds
16596482480503,13,g3067,2026-01-22T05:50:35.002327,2026-01-22T05:51:05.200224,30.20
subject_id,split_no,hostname,start_time,end_time,runtime_seconds
33690685722826,2,g3046,2026-01-22T05:50:35.338384,2026-01-22T05:51:05.495908,30.16
subject_id,split_no,hostname,start_time,end_time,runtime_seconds
12266467217442,11,g3061,2026-01-22T05:48:28.906833,2026-01-22T05:51:07.799486,158.89
subject_id,split_no,hostname,start_time,end_time,runtime_seconds
33718969393831,3,g3046,2026-01-22T05:50:51.977741,2026-01-22T05:51:18.191248,26.21
subject_id,split_no,hostname,start_time,end_time,runtime_seconds
16635154909336,14,g3040,2026-01-22T05:50:56.791838,2026-01-22T05:51:22.234566,25.44
subject_id,split_no,hostname,start_time,end_time,runtime_seconds
48239930456278,2,g3046,2026-01-22T05:51:05.506853,2026-01-22T05:51:31.530064,26.02
subject_id,split_no,hostname,start_time,end_time,runtime_seconds
18593047283669,13,g3067,2026-01-22T05:51:05.210088,2026-01-22T05:51:33.937820,28.73
subject_id,split_no,hostname,start_time,end_time,runtime_seconds
49244676843532,3,g3046,2026-01-22T05:51:18.269893,2026-01-22T05:51:41.172368,22.90
subject_id,split_no,hostname,start_time,end_time,runtime_seconds
18656989117944,14,g3040,2026-01-22T05:51:22.240543,2026-01-22T05:51:48.120822,25.88
subject_id,split_no,hostname,start_time,end_time,runtime_seconds
86479430180778,2,g3046,2026-01-22T05:51:31.538895,2026-01-22T05:51:58.158939,26.62
subject_id,split_no,hostname,start_time,end_time,runtime_seconds
22222013311100,13,g3067,2026-01-22T05:51:33.953722,2026-01-22T05:52:02.786494,28.83
subject_id,split_no,hostname,start_time,end_time,runtime_seconds
22340848740056,14,g3040,2026-01-22T05:51:48.125906,2026-01-22T05:52:15.399920,27.27
subject_id,split_no,hostname,start_time,end_time,runtime_seconds
86494014107780,3,g3046,2026-01-22T05:51:41.181560,2026-01-22T05:52:16.335923,35.15
subject_id,split_no,hostname,start_time,end_time,runtime_seconds
25097313172624,13,g3067,2026-01-22T05:52:02.796858,2026-01-22T05:52:31.131554,28.33
subject_id,split_no,hostname,start_time,end_time,runtime_seconds
25242073263098,14,g3040,2026-01-22T05:52:15.516535,2026-01-22T05:52:40.357164,24.84
subject_id,split_no,hostname,start_time,end_time,runtime_seconds
28181545952203,14,g3040,2026-01-22T05:52:40.361597,2026-01-22T05:53:01.717047,21.36
subject_id,split_no,hostname,start_time,end_time,runtime_seconds
12610730367854,15,g3066,2026-01-22T05:51:28.640286,2026-01-22T05:53:42.751998,134.11
subject_id,split_no,hostname,start_time,end_time,runtime_seconds
16741868665515,15,g3066,2026-01-22T05:53:42.835805,2026-01-22T05:54:26.553660,43.72
subject_id,split_no,hostname,start_time,end_time,runtime_seconds
18859300738112,15,g3066,2026-01-22T05:54:26.561607,2026-01-22T05:55:11.455919,44.89
subject_id,split_no,hostname,start_time,end_time,runtime_seconds
13215970035309,19,g3067,2026-01-22T05:54:00.570136,2026-01-22T05:55:40.537244,99.97
subject_id,split_no,hostname,start_time,end_time,runtime_seconds
12685165126954,17,g3046,2026-01-22T05:53:59.579457,2026-01-22T05:55:40.748801,101.17
subject_id,split_no,hostname,start_time,end_time,runtime_seconds
13022952193695,18,g3046,2026-01-22T05:53:59.579484,2026-01-22T05:55:40.777928,101.20
subject_id,split_no,hostname,start_time,end_time,runtime_seconds
22478736382873,15,g3066,2026-01-22T05:55:11.463737,2026-01-22T05:55:44.182836,32.72
subject_id,split_no,hostname,start_time,end_time,runtime_seconds
16886552183776,17,g3046,2026-01-22T05:55:40.759755,2026-01-22T05:56:12.733674,31.97
subject_id,split_no,hostname,start_time,end_time,runtime_seconds
25310981994593,15,g3066,2026-01-22T05:55:44.200786,2026-01-22T05:56:20.097952,35.90
subject_id,split_no,hostname,start_time,end_time,runtime_seconds
17101939938068,19,g3050,2026-01-22T05:42:53.468015,2026-01-22T05:59:12.588648,979.12
subject_id,split_no,hostname,start_time,end_time,runtime_seconds
28597611781685,15,g3064,2026-01-22T05:40:26.005050,2026-01-22T05:59:16.643061,1130.64
subject_id,split_no,hostname,start_time,end_time,runtime_seconds
89573218664301,6,g3044,2026-01-22T05:39:31.755117,2026-01-22T05:59:25.097808,1193.34
subject_id,split_no,hostname,start_time,end_time,runtime_seconds
31641093204866,14,g3060,2026-01-22T05:40:30.064672,2026-01-22T05:59:43.159712,1153.10
subject_id,split_no,hostname,start_time,end_time,runtime_seconds
18188206483800,10,g3074,2026-01-22T05:46:06.462370,2026-01-22T05:59:58.544166,832.08
subject_id,split_no,hostname,start_time,end_time,runtime_seconds
27573818526654,8,g3045,2026-01-22T05:47:18.061038,2026-01-22T06:00:30.387239,792.33
subject_id,split_no,hostname,start_time,end_time,runtime_seconds
21909463934838,10,g3074,2026-01-22T05:59:58.595995,2026-01-22T06:16:37.019746,998.42
subject_id,split_no,hostname,start_time,end_time,runtime_seconds
16375427841703,11,g3061,2026-01-22T05:51:07.813915,2026-01-22T06:16:38.557866,1530.74
subject_id,split_no,hostname,start_time,end_time,runtime_seconds
19247185345726,19,g3050,2026-01-22T05:59:12.639078,2026-01-22T06:16:54.465559,1061.83
subject_id,split_no,hostname,start_time,end_time,runtime_seconds
30773833734707,8,g3045,2026-01-22T06:00:30.443799,2026-01-22T06:17:05.499417,995.06
subject_id,split_no,hostname,start_time,end_time,runtime_seconds
32001092620149,15,g3064,2026-01-22T05:59:16.655006,2026-01-22T06:17:38.161861,1101.51
subject_id,split_no,hostname,start_time,end_time,runtime_seconds
43717166913394,14,g3060,2026-01-22T05:59:43.302840,2026-01-22T06:19:35.320759,1192.02
subject_id,split_no,hostname,start_time,end_time,runtime_seconds
36377400251983,8,g3045,2026-01-22T06:17:05.508010,2026-01-22T06:33:34.542955,989.03
subject_id,split_no,hostname,start_time,end_time,runtime_seconds
22734740452340,19,g3050,2026-01-22T06:16:54.588147,2026-01-22T06:34:55.281888,1080.69
subject_id,split_no,hostname,start_time,end_time,runtime_seconds
45203724572086,15,g3064,2026-01-22T06:17:38.201605,2026-01-22T06:38:01.260309,1223.06
subject_id,split_no,hostname,start_time,end_time,runtime_seconds
18197100217970,11,g3061,2026-01-22T06:16:38.569026,2026-01-22T06:38:06.459257,1287.89
subject_id,split_no,hostname,start_time,end_time,runtime_seconds
76084158638666,14,g3060,2026-01-22T06:19:35.380063,2026-01-22T06:38:53.982630,1158.60
subject_id,split_no,hostname,start_time,end_time,runtime_seconds
24429041449362,10,g3074,2026-01-22T06:16:37.090995,2026-01-22T06:39:43.067950,1385.98
subject_id,split_no,hostname,start_time,end_time,runtime_seconds
25639609314537,19,g3050,2026-01-22T06:34:55.372463,2026-01-22T06:47:08.403647,733.03
subject_id,split_no,hostname,start_time,end_time,runtime_seconds
59945412009507,8,g3045,2026-01-22T06:33:34.575252,2026-01-22T06:47:46.266301,851.69
subject_id,split_no,hostname,start_time,end_time,runtime_seconds
21912957831748,11,g3061,2026-01-22T06:38:06.506243,2026-01-22T06:53:02.021419,895.52
subject_id,split_no,hostname,start_time,end_time,runtime_seconds
27756622012770,10,g3074,2026-01-22T06:39:43.192467,2026-01-22T06:56:53.998156,1030.81
subject_id,split_no,hostname,start_time,end_time,runtime_seconds
76811337679033,15,g3064,2026-01-22T06:38:01.314802,2026-01-22T06:57:21.257794,1159.94
subject_id,split_no,hostname,start_time,end_time,runtime_seconds
29626022997414,19,g3050,2026-01-22T06:47:08.428394,2026-01-22T07:01:25.660487,857.23
subject_id,split_no,hostname,start_time,end_time,runtime_seconds
93491128291443,8,g3045,2026-01-22T06:47:46.287814,2026-01-22T07:02:27.216189,880.93
subject_id,split_no,hostname,start_time,end_time,runtime_seconds
24551911631824,11,g3061,2026-01-22T06:53:02.096600,2026-01-22T07:08:32.894378,930.80
subject_id,split_no,hostname,start_time,end_time,runtime_seconds
31106616463767,10,g3074,2026-01-22T06:56:54.029286,2026-01-22T07:16:02.700269,1148.67
subject_id,split_no,hostname,start_time,end_time,runtime_seconds
32767378073475,19,g3050,2026-01-22T07:01:25.690228,2026-01-22T07:17:36.017261,970.33
subject_id,split_no,hostname,start_time,end_time,runtime_seconds
27896086573534,11,g3061,2026-01-22T07:08:32.953472,2026-01-22T07:29:27.634394,1254.68
subject_id,split_no,hostname,start_time,end_time,runtime_seconds
40378064041205,10,g3074,2026-01-22T07:16:02.748625,2026-01-22T07:29:58.382587,835.63
subject_id,split_no,hostname,start_time,end_time,runtime_seconds
46240253759706,19,g3050,2026-01-22T07:17:36.069374,2026-01-22T07:30:27.894069,771.82
subject_id,split_no,hostname,start_time,end_time,runtime_seconds
82298679836592,19,g3050,2026-01-22T07:30:27.937278,2026-01-22T07:47:12.661278,1004.72
subject_id,split_no,hostname,start_time,end_time,runtime_seconds
31351035633578,11,g3061,2026-01-22T07:29:27.669715,2026-01-22T07:48:14.184124,1126.51
subject_id,split_no,hostname,start_time,end_time,runtime_seconds
62692215849422,10,g3074,2026-01-22T07:29:58.474643,2026-01-22T07:48:25.436008,1106.96
subject_id,split_no,hostname,start_time,end_time,runtime_seconds
40517844001162,11,g3061,2026-01-22T07:48:14.209271,2026-01-22T08:08:19.903013,1205.69
subject_id,split_no,hostname,start_time,end_time,runtime_seconds
65715967822251,11,g3061,2026-01-22T08:08:19.926699,2026-01-22T08:25:51.024006,1051.10
subject_id,split_no,hostname,start_time,end_time,runtime_seconds
11961775761525,9,g3062,2026-01-22T11:32:53.334892,2026-01-22T11:33:28.599389,35.26
subject_id,split_no,hostname,start_time,end_time,runtime_seconds
10064774423088,0,g3050,2026-01-22T11:32:54.660970,2026-01-22T11:33:38.273546,43.61
subject_id,split_no,hostname,start_time,end_time,runtime_seconds
16228664760455,9,g3062,2026-01-22T11:33:28.622061,2026-01-22T11:33:39.488991,10.87
subject_id,split_no,hostname,start_time,end_time,runtime_seconds
11868547770861,8,g3074,2026-01-22T11:32:53.628390,2026-01-22T11:33:39.702235,46.07
subject_id,split_no,hostname,start_time,end_time,runtime_seconds
10441917611067,5,g3064,2026-01-22T11:32:57.941489,2026-01-22T11:33:45.508476,47.57
subject_id,split_no,hostname,start_time,end_time,runtime_seconds
10429562789336,4,g3064,2026-01-22T11:32:57.941441,2026-01-22T11:33:45.518635,47.58
subject_id,split_no,hostname,start_time,end_time,runtime_seconds
18178570365313,9,g3062,2026-01-22T11:33:39.499196,2026-01-22T11:33:50.221904,10.72
subject_id,split_no,hostname,start_time,end_time,runtime_seconds
16058787153001,8,g3074,2026-01-22T11:33:39.711464,2026-01-22T11:33:50.980256,11.27
subject_id,split_no,hostname,start_time,end_time,runtime_seconds
14938670040464,5,g3064,2026-01-22T11:33:45.517860,2026-01-22T11:33:57.203286,11.69
subject_id,split_no,hostname,start_time,end_time,runtime_seconds
14922568896202,4,g3064,2026-01-22T11:33:45.531855,2026-01-22T11:33:57.359036,11.83
subject_id,split_no,hostname,start_time,end_time,runtime_seconds
21845623478439,9,g3062,2026-01-22T11:33:50.232769,2026-01-22T11:34:00.605972,10.37
subject_id,split_no,hostname,start_time,end_time,runtime_seconds
17927755785666,8,g3074,2026-01-22T11:33:50.992329,2026-01-22T11:34:02.629617,11.64
subject_id,split_no,hostname,start_time,end_time,runtime_seconds
17508842326859,5,g3064,2026-01-22T11:33:57.210810,2026-01-22T11:34:08.656196,11.45
subject_id,split_no,hostname,start_time,end_time,runtime_seconds
17473147525541,4,g3064,2026-01-22T11:33:57.363721,2026-01-22T11:34:08.841728,11.48
subject_id,split_no,hostname,start_time,end_time,runtime_seconds
24218688635597,9,g3062,2026-01-22T11:34:00.616252,2026-01-22T11:34:11.409102,10.79
subject_id,split_no,hostname,start_time,end_time,runtime_seconds
21802600731288,8,g3074,2026-01-22T11:34:02.642328,2026-01-22T11:34:13.695400,11.05
subject_id,split_no,hostname,start_time,end_time,runtime_seconds
20928443018612,5,g3064,2026-01-22T11:34:08.667758,2026-01-22T11:34:19.438378,10.77
subject_id,split_no,hostname,start_time,end_time,runtime_seconds
20802163963645,4,g3064,2026-01-22T11:34:08.848079,2026-01-22T11:34:20.686384,11.84
subject_id,split_no,hostname,start_time,end_time,runtime_seconds
27688522025372,9,g3062,2026-01-22T11:34:11.423352,2026-01-22T11:34:22.340775,10.92
subject_id,split_no,hostname,start_time,end_time,runtime_seconds
23281773745711,5,g3064,2026-01-22T11:34:19.446850,2026-01-22T11:34:30.159421,10.71
subject_id,split_no,hostname,start_time,end_time,runtime_seconds
23274951412464,4,g3064,2026-01-22T11:34:20.691546,2026-01-22T11:34:32.246833,11.56
subject_id,split_no,hostname,start_time,end_time,runtime_seconds
30809796368199,9,g3062,2026-01-22T11:34:22.353657,2026-01-22T11:34:33.855901,11.50
subject_id,split_no,hostname,start_time,end_time,runtime_seconds
38673156607957,9,g3062,2026-01-22T11:34:33.861760,2026-01-22T11:34:44.932079,11.07
subject_id,split_no,hostname,start_time,end_time,runtime_seconds
62146545467058,9,g3062,2026-01-22T11:34:44.938380,2026-01-22T11:34:55.707795,10.77
subject_id,split_no,hostname,start_time,end_time,runtime_seconds
24081053373989,8,g3074,2026-01-22T11:34:13.705122,2026-01-22T11:36:10.329577,116.62
subject_id,split_no,hostname,start_time,end_time,runtime_seconds
27091259602746,5,g3064,2026-01-22T11:34:30.170095,2026-01-22T11:36:18.294436,108.12
subject_id,split_no,hostname,start_time,end_time,runtime_seconds
27006137583344,4,g3064,2026-01-22T11:34:32.254139,2026-01-22T11:36:32.360650,120.11
subject_id,split_no,hostname,start_time,end_time,runtime_seconds
99542841613815,9,g3062,2026-01-22T11:34:55.714675,2026-01-22T11:36:46.098997,110.38
subject_id,split_no,hostname,start_time,end_time,runtime_seconds
27573818526654,8,g3074,2026-01-22T11:36:10.347876,2026-01-22T11:36:59.134780,48.79
subject_id,split_no,hostname,start_time,end_time,runtime_seconds
30390669934425,4,g3064,2026-01-22T11:36:32.368200,2026-01-22T11:37:02.719180,30.35
subject_id,split_no,hostname,start_time,end_time,runtime_seconds
30501682770038,5,g3064,2026-01-22T11:36:18.306073,2026-01-22T11:37:14.530496,56.22
subject_id,split_no,hostname,start_time,end_time,runtime_seconds
30773833734707,8,g3074,2026-01-22T11:36:59.153182,2026-01-22T11:37:32.760350,33.61
subject_id,split_no,hostname,start_time,end_time,runtime_seconds
36377400251983,8,g3074,2026-01-22T11:37:32.791417,2026-01-22T11:38:00.323828,27.53
subject_id,split_no,hostname,start_time,end_time,runtime_seconds
59945412009507,8,g3074,2026-01-22T11:38:00.330967,2026-01-22T11:38:26.426484,26.10
subject_id,split_no,hostname,start_time,end_time,runtime_seconds
93491128291443,8,g3074,2026-01-22T11:38:26.433671,2026-01-22T11:38:53.170628,26.74
subject_id,split_no,hostname,start_time,end_time,runtime_seconds
35918397061286,5,g3064,2026-01-22T11:37:14.538072,2026-01-22T11:49:28.114177,733.58
subject_id,split_no,hostname,start_time,end_time,runtime_seconds
33752435803828,4,g3064,2026-01-22T11:37:02.737674,2026-01-22T11:49:42.345945,759.61
subject_id,split_no,hostname,start_time,end_time,runtime_seconds
57059342504789,5,g3064,2026-01-22T11:49:28.131015,2026-01-22T12:02:52.863674,804.73
subject_id,split_no,hostname,start_time,end_time,runtime_seconds
50276292875695,4,g3064,2026-01-22T11:49:42.354636,2026-01-22T12:03:07.099908,804.75
subject_id,split_no,hostname,start_time,end_time,runtime_seconds
88976336920958,5,g3064,2026-01-22T12:02:52.874403,2026-01-22T12:17:59.532231,906.66
subject_id,split_no,hostname,start_time,end_time,runtime_seconds
10064774423088,0,g3043,2026-01-22T22:03:53.258622,2026-01-22T22:06:11.510500,138.25
subject_id,split_no,hostname,start_time,end_time,runtime_seconds
10114964023436,0,g3043,2026-01-22T22:06:11.537673,2026-01-22T22:06:25.956611,14.42
subject_id,split_no,hostname,start_time,end_time,runtime_seconds
10244062723965,0,g3043,2026-01-22T22:06:25.996530,2026-01-22T22:06:37.226568,11.23
subject_id,split_no,hostname,start_time,end_time,runtime_seconds
10398309591377,0,g3043,2026-01-22T22:06:37.231009,2026-01-22T22:06:48.563577,11.33
subject_id,split_no,hostname,start_time,end_time,runtime_seconds
10429562789336,0,g3043,2026-01-22T22:06:48.567570,2026-01-22T22:06:59.395188,10.83
subject_id,split_no,hostname,start_time,end_time,runtime_seconds
10441917611067,0,g3043,2026-01-22T22:06:59.402008,2026-01-22T22:07:11.515172,12.11
subject_id,split_no,hostname,start_time,end_time,runtime_seconds
11495363861930,0,g3043,2026-01-22T22:07:11.521948,2026-01-22T22:07:23.532068,12.01
subject_id,split_no,hostname,start_time,end_time,runtime_seconds
11793095403620,0,g3043,2026-01-22T22:07:23.538870,2026-01-22T22:07:35.435914,11.90
subject_id,split_no,hostname,start_time,end_time,runtime_seconds
11868547770861,0,g3043,2026-01-22T22:07:35.442607,2026-01-22T22:07:46.890819,11.45
subject_id,split_no,hostname,start_time,end_time,runtime_seconds
11961775761525,0,g3043,2026-01-22T22:07:46.898004,2026-01-22T22:07:58.173023,11.28
subject_id,split_no,hostname,start_time,end_time,runtime_seconds
12167198495341,0,g3043,2026-01-22T22:07:58.178121,2026-01-22T22:08:10.789446,12.61
subject_id,split_no,hostname,start_time,end_time,runtime_seconds
12266467217442,0,g3043,2026-01-22T22:08:10.794338,2026-01-22T22:08:22.729798,11.94
subject_id,split_no,hostname,start_time,end_time,runtime_seconds
12295585158434,0,g3043,2026-01-22T22:08:22.735130,2026-01-22T22:08:34.078133,11.34
subject_id,split_no,hostname,start_time,end_time,runtime_seconds
12483336067346,0,g3043,2026-01-22T22:08:34.080507,2026-01-22T22:08:47.234878,13.15
subject_id,split_no,hostname,start_time,end_time,runtime_seconds
12603555538074,0,g3043,2026-01-22T22:08:47.239821,2026-01-22T22:08:58.582884,11.34
subject_id,split_no,hostname,start_time,end_time,runtime_seconds
12610730367854,0,g3043,2026-01-22T22:08:58.587566,2026-01-22T22:09:09.588593,11.00
subject_id,split_no,hostname,start_time,end_time,runtime_seconds
12672270699804,0,g3043,2026-01-22T22:09:09.593344,2026-01-22T22:11:35.846309,146.25
subject_id,split_no,hostname,start_time,end_time,runtime_seconds
12685165126954,0,g3043,2026-01-22T22:11:35.909415,2026-01-22T22:12:13.281277,37.37
subject_id,split_no,hostname,start_time,end_time,runtime_seconds
13022952193695,0,g3043,2026-01-22T22:12:13.286349,2026-01-22T22:12:24.471742,11.19
subject_id,split_no,hostname,start_time,end_time,runtime_seconds
13215970035309,0,g3043,2026-01-22T22:12:24.476764,2026-01-22T22:12:36.045336,11.57
subject_id,split_no,hostname,start_time,end_time,runtime_seconds
13799268563035,0,g3043,2026-01-22T22:12:36.050544,2026-01-22T22:12:47.150495,11.10
subject_id,split_no,hostname,start_time,end_time,runtime_seconds
13982414451514,0,g3043,2026-01-22T22:12:47.155448,2026-01-22T22:12:57.993028,10.84
subject_id,split_no,hostname,start_time,end_time,runtime_seconds
14125911381782,0,g3043,2026-01-22T22:12:57.998045,2026-01-22T22:13:09.977045,11.98
subject_id,split_no,hostname,start_time,end_time,runtime_seconds
14762184019761,0,g3043,2026-01-22T22:13:09.981809,2026-01-22T22:13:21.828059,11.85
subject_id,split_no,hostname,start_time,end_time,runtime_seconds
14922568896202,0,g3043,2026-01-22T22:13:21.838174,2026-01-22T22:13:33.889471,12.05
subject_id,split_no,hostname,start_time,end_time,runtime_seconds
14938670040464,0,g3043,2026-01-22T22:13:33.892255,2026-01-22T22:13:45.941507,12.05
subject_id,split_no,hostname,start_time,end_time,runtime_seconds
15668000246431,0,g3043,2026-01-22T22:13:45.946438,2026-01-22T22:13:57.645749,11.70
subject_id,split_no,hostname,start_time,end_time,runtime_seconds
15937880385805,0,g3043,2026-01-22T22:13:57.651038,2026-01-22T22:14:08.654329,11.00
subject_id,split_no,hostname,start_time,end_time,runtime_seconds
16058787153001,0,g3043,2026-01-22T22:14:08.659985,2026-01-22T22:14:20.875735,12.22
subject_id,split_no,hostname,start_time,end_time,runtime_seconds
16228664760455,0,g3043,2026-01-22T22:14:20.934982,2026-01-22T22:14:32.232011,11.30
subject_id,split_no,hostname,start_time,end_time,runtime_seconds
16339919319697,0,g3043,2026-01-22T22:14:32.237121,2026-01-22T22:14:44.020272,11.78
subject_id,split_no,hostname,start_time,end_time,runtime_seconds
16375427841703,0,g3043,2026-01-22T22:14:44.025396,2026-01-22T22:14:55.257900,11.23
subject_id,split_no,hostname,start_time,end_time,runtime_seconds
10064774423088,0,g3051,2026-01-22T22:46:28.079002,2026-01-22T22:47:29.601942,61.52
subject_id,split_no,hostname,start_time,end_time,runtime_seconds
10114964023436,0,g3051,2026-01-22T22:47:29.627423,2026-01-22T22:47:40.388053,10.76
subject_id,split_no,hostname,start_time,end_time,runtime_seconds
10244062723965,0,g3051,2026-01-22T22:47:40.391959,2026-01-22T22:47:51.176436,10.78
subject_id,split_no,hostname,start_time,end_time,runtime_seconds
10398309591377,0,g3051,2026-01-22T22:47:51.181810,2026-01-22T22:48:02.134176,10.95
subject_id,split_no,hostname,start_time,end_time,runtime_seconds
10429562789336,0,g3051,2026-01-22T22:48:02.139571,2026-01-22T22:48:12.966436,10.83
subject_id,split_no,hostname,start_time,end_time,runtime_seconds
10441917611067,0,g3051,2026-01-22T22:48:12.974139,2026-01-22T22:48:24.938533,11.96
subject_id,split_no,hostname,start_time,end_time,runtime_seconds
11495363861930,0,g3051,2026-01-22T22:48:24.964059,2026-01-22T22:48:35.795585,10.83
subject_id,split_no,hostname,start_time,end_time,runtime_seconds
11793095403620,0,g3051,2026-01-22T22:48:35.800439,2026-01-22T22:48:47.880047,12.08
subject_id,split_no,hostname,start_time,end_time,runtime_seconds
11868547770861,0,g3051,2026-01-22T22:48:47.885096,2026-01-22T22:48:58.581831,10.70
subject_id,split_no,hostname,start_time,end_time,runtime_seconds
11961775761525,0,g3051,2026-01-22T22:48:58.585462,2026-01-22T22:49:09.281306,10.70
subject_id,split_no,hostname,start_time,end_time,runtime_seconds
12167198495341,0,g3051,2026-01-22T22:49:09.284891,2026-01-22T22:49:21.170134,11.89
subject_id,split_no,hostname,start_time,end_time,runtime_seconds
12266467217442,0,g3051,2026-01-22T22:49:21.175080,2026-01-22T22:49:32.488678,11.31
subject_id,split_no,hostname,start_time,end_time,runtime_seconds
12295585158434,0,g3051,2026-01-22T22:49:32.494923,2026-01-22T22:49:44.129627,11.63
subject_id,split_no,hostname,start_time,end_time,runtime_seconds
12483336067346,0,g3051,2026-01-22T22:49:44.137745,2026-01-22T22:49:55.632671,11.49
subject_id,split_no,hostname,start_time,end_time,runtime_seconds
12603555538074,0,g3051,2026-01-22T22:49:55.639624,2026-01-22T22:50:06.653316,11.01
subject_id,split_no,hostname,start_time,end_time,runtime_seconds
12610730367854,0,g3051,2026-01-22T22:50:06.659551,2026-01-22T22:50:19.245677,12.59
subject_id,split_no,hostname,start_time,end_time,runtime_seconds
12672270699804,0,g3051,2026-01-22T22:50:19.251032,2026-01-22T22:50:31.235774,11.98
subject_id,split_no,hostname,start_time,end_time,runtime_seconds
12685165126954,0,g3051,2026-01-22T22:50:31.242510,2026-01-22T22:50:44.888752,13.65
subject_id,split_no,hostname,start_time,end_time,runtime_seconds
13022952193695,0,g3051,2026-01-22T22:50:44.895873,2026-01-22T22:50:55.576079,10.68
subject_id,split_no,hostname,start_time,end_time,runtime_seconds
13215970035309,0,g3051,2026-01-22T22:50:55.580949,2026-01-22T22:51:06.039454,10.46
subject_id,split_no,hostname,start_time,end_time,runtime_seconds
13799268563035,0,g3051,2026-01-22T22:51:06.043712,2026-01-22T22:51:18.532467,12.49
subject_id,split_no,hostname,start_time,end_time,runtime_seconds
13982414451514,0,g3051,2026-01-22T22:51:18.540797,2026-01-22T22:51:29.466400,10.93
subject_id,split_no,hostname,start_time,end_time,runtime_seconds
14125911381782,0,g3051,2026-01-22T22:51:29.475341,2026-01-22T22:51:39.849230,10.37
subject_id,split_no,hostname,start_time,end_time,runtime_seconds
14762184019761,0,g3051,2026-01-22T22:51:39.857819,2026-01-22T22:51:51.237712,11.38
subject_id,split_no,hostname,start_time,end_time,runtime_seconds
14922568896202,0,g3051,2026-01-22T22:51:51.242803,2026-01-22T22:52:02.826053,11.58
subject_id,split_no,hostname,start_time,end_time,runtime_seconds
14938670040464,0,g3051,2026-01-22T22:52:02.880450,2026-01-22T22:52:14.133179,11.25
subject_id,split_no,hostname,start_time,end_time,runtime_seconds
15668000246431,0,g3051,2026-01-22T22:52:14.137749,2026-01-22T22:52:24.546202,10.41
subject_id,split_no,hostname,start_time,end_time,runtime_seconds
15937880385805,0,g3051,2026-01-22T22:52:24.552997,2026-01-22T22:52:35.114809,10.56
subject_id,split_no,hostname,start_time,end_time,runtime_seconds
16058787153001,0,g3051,2026-01-22T22:52:35.119871,2026-01-22T22:52:46.265392,11.15
subject_id,split_no,hostname,start_time,end_time,runtime_seconds
16228664760455,0,g3051,2026-01-22T22:52:46.275340,2026-01-22T22:52:56.777228,10.50
subject_id,split_no,hostname,start_time,end_time,runtime_seconds
16339919319697,0,g3051,2026-01-22T22:52:56.784243,2026-01-22T22:53:08.874019,12.09
subject_id,split_no,hostname,start_time,end_time,runtime_seconds
16375427841703,0,g3051,2026-01-22T22:53:08.880858,2026-01-22T22:53:19.663057,10.78
subject_id,split_no,hostname,start_time,end_time,runtime_seconds
16580717943140,0,g3051,2026-01-22T22:53:19.667516,2026-01-22T22:54:49.320779,89.65
subject_id,split_no,hostname,start_time,end_time,runtime_seconds
16596482480503,0,g3051,2026-01-22T22:54:49.342701,2026-01-22T22:55:35.450052,46.11
subject_id,split_no,hostname,start_time,end_time,runtime_seconds
16635154909336,0,g3051,2026-01-22T22:55:35.455568,2026-01-22T22:55:47.265547,11.81
subject_id,split_no,hostname,start_time,end_time,runtime_seconds
16741868665515,0,g3051,2026-01-22T22:55:47.268406,2026-01-22T22:55:58.367532,11.10
subject_id,split_no,hostname,start_time,end_time,runtime_seconds
16841296268084,0,g3051,2026-01-22T22:55:58.370248,2026-01-22T22:56:22.236202,23.87
subject_id,split_no,hostname,start_time,end_time,runtime_seconds
16886552183776,0,g3051,2026-01-22T22:56:22.241567,2026-01-22T22:56:33.399124,11.16
subject_id,split_no,hostname,start_time,end_time,runtime_seconds
16926185273548,0,g3051,2026-01-22T22:56:33.401319,2026-01-22T22:57:05.786415,32.39
subject_id,split_no,hostname,start_time,end_time,runtime_seconds
17101939938068,0,g3051,2026-01-22T22:57:05.791246,2026-01-22T22:57:39.103851,33.31
subject_id,split_no,hostname,start_time,end_time,runtime_seconds
17236206359109,0,g3051,2026-01-22T22:57:39.108815,2026-01-22T22:57:54.833005,15.72
subject_id,split_no,hostname,start_time,end_time,runtime_seconds
17262617574870,0,g3051,2026-01-22T22:57:54.838480,2026-01-22T22:58:08.475634,13.64
subject_id,split_no,hostname,start_time,end_time,runtime_seconds
17393945148956,0,g3051,2026-01-22T22:58:08.481632,2026-01-22T22:58:20.243670,11.76
subject_id,split_no,hostname,start_time,end_time,runtime_seconds
17438703990611,0,g3051,2026-01-22T22:58:20.247461,2026-01-22T22:58:31.960928,11.71
subject_id,split_no,hostname,start_time,end_time,runtime_seconds
17473147525541,0,g3051,2026-01-22T22:58:31.967364,2026-01-22T22:58:43.350401,11.38
subject_id,split_no,hostname,start_time,end_time,runtime_seconds
17508842326859,0,g3051,2026-01-22T22:58:43.355876,2026-01-22T22:58:54.559717,11.20
subject_id,split_no,hostname,start_time,end_time,runtime_seconds
17641413509638,0,g3051,2026-01-22T22:58:54.562116,2026-01-22T22:59:05.940196,11.38
subject_id,split_no,hostname,start_time,end_time,runtime_seconds
17816672235957,0,g3051,2026-01-22T22:59:05.945627,2026-01-22T22:59:18.076917,12.13
subject_id,split_no,hostname,start_time,end_time,runtime_seconds
17927755785666,0,g3051,2026-01-22T22:59:18.082529,2026-01-22T22:59:30.219114,12.14
subject_id,split_no,hostname,start_time,end_time,runtime_seconds
18178570365313,0,g3051,2026-01-22T22:59:30.224348,2026-01-22T22:59:41.312658,11.09
subject_id,split_no,hostname,start_time,end_time,runtime_seconds
18188206483800,0,g3051,2026-01-22T22:59:41.317895,2026-01-22T22:59:52.906251,11.59
subject_id,split_no,hostname,start_time,end_time,runtime_seconds
18197100217970,0,g3051,2026-01-22T22:59:52.913991,2026-01-22T23:00:04.296250,11.38
subject_id,split_no,hostname,start_time,end_time,runtime_seconds
18587545975395,0,g3051,2026-01-22T23:00:04.302109,2026-01-22T23:14:14.719812,850.42
subject_id,split_no,hostname,start_time,end_time,runtime_seconds
18593047283669,0,g3051,2026-01-22T23:14:14.760672,2026-01-22T23:15:20.150658,65.39
subject_id,split_no,hostname,start_time,end_time,runtime_seconds
18656989117944,0,g3051,2026-01-22T23:15:20.153775,2026-01-22T23:15:33.177697,13.02
subject_id,split_no,hostname,start_time,end_time,runtime_seconds
18859300738112,0,g3051,2026-01-22T23:15:33.182911,2026-01-22T23:15:44.232782,11.05
subject_id,split_no,hostname,start_time,end_time,runtime_seconds
10064774423088,0,g3050,2026-01-22T23:28:04.471779,2026-01-22T23:29:29.481799,85.01
subject_id,split_no,hostname,start_time,end_time,runtime_seconds
10114964023436,0,g3050,2026-01-22T23:29:29.501286,2026-01-22T23:29:41.972952,12.47
subject_id,split_no,hostname,start_time,end_time,runtime_seconds
10244062723965,0,g3050,2026-01-22T23:29:41.980867,2026-01-22T23:29:54.085435,12.10
subject_id,split_no,hostname,start_time,end_time,runtime_seconds
10398309591377,0,g3050,2026-01-22T23:29:54.092361,2026-01-22T23:30:04.389722,10.30
subject_id,split_no,hostname,start_time,end_time,runtime_seconds
10429562789336,0,g3050,2026-01-22T23:30:04.393677,2026-01-22T23:30:15.723846,11.33
subject_id,split_no,hostname,start_time,end_time,runtime_seconds
10441917611067,0,g3050,2026-01-22T23:30:15.727579,2026-01-22T23:30:27.569372,11.84
subject_id,split_no,hostname,start_time,end_time,runtime_seconds
11495363861930,0,g3050,2026-01-22T23:30:27.576245,2026-01-22T23:30:39.088279,11.51
subject_id,split_no,hostname,start_time,end_time,runtime_seconds
11793095403620,0,g3050,2026-01-22T23:30:39.092491,2026-01-22T23:30:52.546991,13.45
subject_id,split_no,hostname,start_time,end_time,runtime_seconds
11868547770861,0,g3050,2026-01-22T23:30:52.550590,2026-01-22T23:31:03.296063,10.75
subject_id,split_no,hostname,start_time,end_time,runtime_seconds
11961775761525,0,g3050,2026-01-22T23:31:03.303828,2026-01-22T23:31:14.939802,11.64
subject_id,split_no,hostname,start_time,end_time,runtime_seconds
12167198495341,0,g3050,2026-01-22T23:31:14.949371,2026-01-22T23:31:25.865381,10.92
subject_id,split_no,hostname,start_time,end_time,runtime_seconds
12266467217442,0,g3050,2026-01-22T23:31:25.872701,2026-01-22T23:33:32.840253,126.97
subject_id,split_no,hostname,start_time,end_time,runtime_seconds
12295585158434,0,g3050,2026-01-22T23:33:32.848894,2026-01-22T23:34:22.414501,49.57
subject_id,split_no,hostname,start_time,end_time,runtime_seconds
12483336067346,0,g3050,2026-01-22T23:34:22.421340,2026-01-22T23:34:34.789524,12.37
subject_id,split_no,hostname,start_time,end_time,runtime_seconds
12603555538074,0,g3050,2026-01-22T23:34:34.796612,2026-01-22T23:34:45.882686,11.09
subject_id,split_no,hostname,start_time,end_time,runtime_seconds
12610730367854,0,g3050,2026-01-22T23:34:45.889608,2026-01-22T23:34:58.014244,12.12
subject_id,split_no,hostname,start_time,end_time,runtime_seconds
12672270699804,0,g3050,2026-01-22T23:34:58.020919,2026-01-22T23:35:10.299672,12.28
subject_id,split_no,hostname,start_time,end_time,runtime_seconds
12685165126954,0,g3050,2026-01-22T23:35:10.307275,2026-01-22T23:35:22.723166,12.42
subject_id,split_no,hostname,start_time,end_time,runtime_seconds
13022952193695,0,g3050,2026-01-22T23:35:22.733095,2026-01-22T23:35:33.051197,10.32
subject_id,split_no,hostname,start_time,end_time,runtime_seconds
13215970035309,0,g3050,2026-01-22T23:35:33.058161,2026-01-22T23:35:43.869743,10.81
subject_id,split_no,hostname,start_time,end_time,runtime_seconds
13799268563035,0,g3050,2026-01-22T23:35:43.876758,2026-01-22T23:35:55.672980,11.80
subject_id,split_no,hostname,start_time,end_time,runtime_seconds
13982414451514,0,g3050,2026-01-22T23:35:55.680355,2026-01-22T23:36:06.231458,10.55
subject_id,split_no,hostname,start_time,end_time,runtime_seconds
14125911381782,0,g3050,2026-01-22T23:36:06.239063,2026-01-22T23:36:16.730499,10.49
subject_id,split_no,hostname,start_time,end_time,runtime_seconds
14762184019761,0,g3050,2026-01-22T23:36:16.761172,2026-01-22T23:36:27.748711,10.99
subject_id,split_no,hostname,start_time,end_time,runtime_seconds
14922568896202,0,g3050,2026-01-22T23:36:27.752458,2026-01-22T23:36:38.220990,10.47
subject_id,split_no,hostname,start_time,end_time,runtime_seconds
14938670040464,0,g3050,2026-01-22T23:36:38.225969,2026-01-22T23:36:50.176595,11.95
subject_id,split_no,hostname,start_time,end_time,runtime_seconds
15668000246431,0,g3050,2026-01-22T23:36:50.186840,2026-01-22T23:37:01.253683,11.07
subject_id,split_no,hostname,start_time,end_time,runtime_seconds
15937880385805,0,g3050,2026-01-22T23:37:01.258278,2026-01-22T23:37:12.608533,11.35
subject_id,split_no,hostname,start_time,end_time,runtime_seconds
16058787153001,0,g3050,2026-01-22T23:37:12.615272,2026-01-22T23:37:23.954777,11.34
subject_id,split_no,hostname,start_time,end_time,runtime_seconds
16228664760455,0,g3050,2026-01-22T23:37:23.961991,2026-01-22T23:37:35.282686,11.32
subject_id,split_no,hostname,start_time,end_time,runtime_seconds
16339919319697,0,g3050,2026-01-22T23:37:35.289174,2026-01-22T23:38:06.499244,31.21
subject_id,split_no,hostname,start_time,end_time,runtime_seconds
16375427841703,0,g3050,2026-01-22T23:38:06.503340,2026-01-22T23:38:35.103629,28.60
subject_id,split_no,hostname,start_time,end_time,runtime_seconds
16580717943140,0,g3050,2026-01-22T23:38:35.109008,2026-01-22T23:38:58.359180,23.25
subject_id,split_no,hostname,start_time,end_time,runtime_seconds
16596482480503,0,g3050,2026-01-22T23:38:58.365221,2026-01-22T23:39:09.472072,11.11
subject_id,split_no,hostname,start_time,end_time,runtime_seconds
16635154909336,0,g3050,2026-01-22T23:39:09.477998,2026-01-22T23:39:20.983707,11.51
subject_id,split_no,hostname,start_time,end_time,runtime_seconds
16741868665515,0,g3050,2026-01-22T23:39:20.985988,2026-01-22T23:39:31.692515,10.71
subject_id,split_no,hostname,start_time,end_time,runtime_seconds
16841296268084,0,g3050,2026-01-22T23:39:31.695294,2026-01-22T23:39:42.214947,10.52
subject_id,split_no,hostname,start_time,end_time,runtime_seconds
16886552183776,0,g3050,2026-01-22T23:39:42.221380,2026-01-22T23:40:04.061926,21.84
subject_id,split_no,hostname,start_time,end_time,runtime_seconds
16926185273548,0,g3050,2026-01-22T23:40:04.068498,2026-01-22T23:40:29.705204,25.64
subject_id,split_no,hostname,start_time,end_time,runtime_seconds
17101939938068,0,g3050,2026-01-22T23:40:29.708431,2026-01-22T23:40:40.379896,10.67
subject_id,split_no,hostname,start_time,end_time,runtime_seconds
17236206359109,0,g3050,2026-01-22T23:40:40.385105,2026-01-22T23:40:50.894256,10.51
subject_id,split_no,hostname,start_time,end_time,runtime_seconds
17262617574870,0,g3050,2026-01-22T23:40:50.899921,2026-01-22T23:41:02.742218,11.84
subject_id,split_no,hostname,start_time,end_time,runtime_seconds
17393945148956,0,g3050,2026-01-22T23:41:02.747252,2026-01-22T23:41:14.094451,11.35
subject_id,split_no,hostname,start_time,end_time,runtime_seconds
17438703990611,0,g3050,2026-01-22T23:41:14.099568,2026-01-22T23:41:24.295400,10.20
subject_id,split_no,hostname,start_time,end_time,runtime_seconds
17473147525541,0,g3050,2026-01-22T23:41:24.300634,2026-01-22T23:41:34.829644,10.53
subject_id,split_no,hostname,start_time,end_time,runtime_seconds
17508842326859,0,g3050,2026-01-22T23:41:34.832582,2026-01-22T23:41:46.135016,11.30
subject_id,split_no,hostname,start_time,end_time,runtime_seconds
17641413509638,0,g3050,2026-01-22T23:41:46.139547,2026-01-22T23:41:56.876144,10.74
subject_id,split_no,hostname,start_time,end_time,runtime_seconds
17816672235957,0,g3050,2026-01-22T23:41:56.880775,2026-01-22T23:42:07.486873,10.61
subject_id,split_no,hostname,start_time,end_time,runtime_seconds
17927755785666,0,g3050,2026-01-22T23:42:07.489449,2026-01-22T23:42:18.147749,10.66
subject_id,split_no,hostname,start_time,end_time,runtime_seconds
18178570365313,0,g3050,2026-01-22T23:42:18.153081,2026-01-22T23:42:28.529324,10.38
subject_id,split_no,hostname,start_time,end_time,runtime_seconds
18188206483800,0,g3050,2026-01-22T23:42:28.531397,2026-01-22T23:42:59.850576,31.32
subject_id,split_no,hostname,start_time,end_time,runtime_seconds
18197100217970,0,g3050,2026-01-22T23:42:59.902366,2026-01-22T23:43:30.409689,30.51
subject_id,split_no,hostname,start_time,end_time,runtime_seconds
18587545975395,0,g3050,2026-01-22T23:43:30.477541,2026-01-22T23:43:53.138949,22.66
subject_id,split_no,hostname,start_time,end_time,runtime_seconds
18593047283669,0,g3050,2026-01-22T23:43:53.141422,2026-01-22T23:44:05.810591,12.67
subject_id,split_no,hostname,start_time,end_time,runtime_seconds
18656989117944,0,g3050,2026-01-22T23:44:05.815639,2026-01-22T23:44:17.698542,11.88
subject_id,split_no,hostname,start_time,end_time,runtime_seconds
18859300738112,0,g3050,2026-01-22T23:44:17.703434,2026-01-22T23:44:29.195699,11.49
subject_id,split_no,hostname,start_time,end_time,runtime_seconds
18900019516078,0,g3050,2026-01-22T23:44:29.200541,2026-01-22T23:57:33.957867,784.76
subject_id,split_no,hostname,start_time,end_time,runtime_seconds
19173649379441,0,g3050,2026-01-22T23:57:33.975744,2026-01-22T23:58:46.812213,72.84
subject_id,split_no,hostname,start_time,end_time,runtime_seconds
19216744737641,0,g3050,2026-01-22T23:58:46.830992,2026-01-23T00:13:48.258011,901.43
subject_id,split_no,hostname,start_time,end_time,runtime_seconds
19247185345726,0,g3050,2026-01-23T00:13:48.264672,2026-01-23T00:14:34.719701,46.46
subject_id,split_no,hostname,start_time,end_time,runtime_seconds
19515069348763,0,g3050,2026-01-23T00:14:34.722557,2026-01-23T00:14:46.985380,12.26
subject_id,split_no,hostname,start_time,end_time,runtime_seconds
20227712453519,0,g3050,2026-01-23T00:14:46.991248,2026-01-23T00:14:57.854581,10.86
subject_id,split_no,hostname,start_time,end_time,runtime_seconds
20567292369503,0,g3050,2026-01-23T00:14:57.856689,2026-01-23T00:15:09.190522,11.33
subject_id,split_no,hostname,start_time,end_time,runtime_seconds
20753900311247,0,g3050,2026-01-23T00:15:09.197046,2026-01-23T00:15:20.438167,11.24
subject_id,split_no,hostname,start_time,end_time,runtime_seconds
20802163963645,0,g3050,2026-01-23T00:15:20.444257,2026-01-23T00:15:31.843359,11.40
subject_id,split_no,hostname,start_time,end_time,runtime_seconds
20928443018612,0,g3050,2026-01-23T00:15:31.845841,2026-01-23T00:15:42.789182,10.94
subject_id,split_no,hostname,start_time,end_time,runtime_seconds
21543361887748,0,g3050,2026-01-23T00:15:42.795162,2026-01-23T00:15:54.706091,11.91
subject_id,split_no,hostname,start_time,end_time,runtime_seconds
21761046488110,0,g3050,2026-01-23T00:15:54.711287,2026-01-23T00:16:05.486159,10.77
subject_id,split_no,hostname,start_time,end_time,runtime_seconds
21802600731288,0,g3050,2026-01-23T00:16:05.489189,2026-01-23T00:16:16.196951,10.71
subject_id,split_no,hostname,start_time,end_time,runtime_seconds
21845623478439,0,g3050,2026-01-23T00:16:16.202049,2026-01-23T00:16:27.168544,10.97
subject_id,split_no,hostname,start_time,end_time,runtime_seconds
21909463934838,0,g3050,2026-01-23T00:16:27.170715,2026-01-23T00:16:53.145870,25.98
subject_id,split_no,hostname,start_time,end_time,runtime_seconds
21912957831748,0,g3050,2026-01-23T00:16:53.150972,2026-01-23T00:17:25.404746,32.25
subject_id,split_no,hostname,start_time,end_time,runtime_seconds
22029752470512,0,g3050,2026-01-23T00:17:25.409060,2026-01-23T00:30:59.313979,813.90
subject_id,split_no,hostname,start_time,end_time,runtime_seconds
22222013311100,0,g3050,2026-01-23T00:30:59.318258,2026-01-23T00:31:30.764681,31.45
subject_id,split_no,hostname,start_time,end_time,runtime_seconds
22340848740056,0,g3050,2026-01-23T00:31:30.770178,2026-01-23T00:31:41.491420,10.72
subject_id,split_no,hostname,start_time,end_time,runtime_seconds
22478736382873,0,g3050,2026-01-23T00:31:41.497383,2026-01-23T00:31:51.946255,10.45
subject_id,split_no,hostname,start_time,end_time,runtime_seconds
22513869714470,0,g3050,2026-01-23T00:31:51.952627,2026-01-23T00:48:04.170888,972.22
subject_id,split_no,hostname,start_time,end_time,runtime_seconds
10064774423088,0,g3052,2026-01-23T03:12:21.739635,2026-01-23T03:14:03.416869,101.68
subject_id,split_no,hostname,start_time,end_time,runtime_seconds
11495363861930,0,g3052,2026-01-23T03:14:03.481025,2026-01-23T03:14:13.224497,9.74
subject_id,split_no,hostname,start_time,end_time,runtime_seconds
12295585158434,0,g3052,2026-01-23T03:14:13.231129,2026-01-23T03:14:23.643894,10.41
subject_id,split_no,hostname,start_time,end_time,runtime_seconds
13022952193695,0,g3052,2026-01-23T03:14:23.650429,2026-01-23T03:14:33.418628,9.77
subject_id,split_no,hostname,start_time,end_time,runtime_seconds
14922568896202,0,g3052,2026-01-23T03:14:33.424133,2026-01-23T03:14:43.238802,9.81
subject_id,split_no,hostname,start_time,end_time,runtime_seconds
16339919319697,0,g3052,2026-01-23T03:14:43.245388,2026-01-23T03:14:52.897599,9.65
subject_id,split_no,hostname,start_time,end_time,runtime_seconds
16841296268084,0,g3052,2026-01-23T03:14:52.901384,2026-01-23T03:15:02.452878,9.55
subject_id,split_no,hostname,start_time,end_time,runtime_seconds
17393945148956,0,g3052,2026-01-23T03:15:02.459732,2026-01-23T03:15:12.218671,9.76
subject_id,split_no,hostname,start_time,end_time,runtime_seconds
17927755785666,0,g3052,2026-01-23T03:15:12.224997,2026-01-23T03:15:21.649096,9.42
subject_id,split_no,hostname,start_time,end_time,runtime_seconds
18656989117944,0,g3052,2026-01-23T03:15:21.653408,2026-01-23T03:15:32.551924,10.90
subject_id,split_no,hostname,start_time,end_time,runtime_seconds
19515069348763,0,g3052,2026-01-23T03:15:32.558623,2026-01-23T03:15:42.442408,9.88
subject_id,split_no,hostname,start_time,end_time,runtime_seconds
21543361887748,0,g3052,2026-01-23T03:15:42.448630,2026-01-23T03:15:52.185286,9.74
subject_id,split_no,hostname,start_time,end_time,runtime_seconds
22029752470512,0,g3052,2026-01-23T03:15:52.192045,2026-01-23T03:16:04.561295,12.37
subject_id,split_no,hostname,start_time,end_time,runtime_seconds
22654131857264,0,g3052,2026-01-23T03:16:04.567856,2026-01-23T03:37:47.926062,1303.36
subject_id,split_no,hostname,start_time,end_time,runtime_seconds
23274951412464,0,g3052,2026-01-23T03:37:47.930124,2026-01-23T03:38:39.929445,52.00
subject_id,split_no,hostname,start_time,end_time,runtime_seconds
24429041449362,0,g3052,2026-01-23T03:38:39.933633,2026-01-23T03:39:07.344498,27.41
subject_id,split_no,hostname,start_time,end_time,runtime_seconds
25325158121363,0,g3052,2026-01-23T03:39:07.348210,2026-01-23T03:56:49.039889,1061.69
subject_id,split_no,hostname,start_time,end_time,runtime_seconds
26858321694770,0,g3052,2026-01-23T03:56:49.046577,2026-01-23T03:57:31.170323,42.12
subject_id,split_no,hostname,start_time,end_time,runtime_seconds
27573818526654,0,g3052,2026-01-23T03:57:31.174098,2026-01-23T03:57:41.470805,10.30
subject_id,split_no,hostname,start_time,end_time,runtime_seconds
28181545952203,0,g3052,2026-01-23T03:57:41.477001,2026-01-23T03:57:51.645265,10.17
subject_id,split_no,hostname,start_time,end_time,runtime_seconds
29906987659391,0,g3052,2026-01-23T03:57:51.652717,2026-01-23T04:14:27.055128,995.40
subject_id,split_no,hostname,start_time,end_time,runtime_seconds
30650427919742,0,g3052,2026-01-23T04:14:27.061773,2026-01-23T04:15:05.978213,38.92
subject_id,split_no,hostname,start_time,end_time,runtime_seconds
31513092502755,0,g3052,2026-01-23T04:15:05.982949,2026-01-23T04:32:49.320451,1063.34
subject_id,split_no,hostname,start_time,end_time,runtime_seconds
32535921321911,0,g3052,2026-01-23T04:32:49.329487,2026-01-23T04:50:10.094793,1040.77
subject_id,split_no,hostname,start_time,end_time,runtime_seconds
33752435803828,0,g3052,2026-01-23T04:50:10.100002,2026-01-23T04:51:07.800704,57.70
subject_id,split_no,hostname,start_time,end_time,runtime_seconds
40378064041205,0,g3052,2026-01-23T04:51:07.808049,2026-01-23T04:51:32.430200,24.62
subject_id,split_no,hostname,start_time,end_time,runtime_seconds
45305246589934,0,g3052,2026-01-23T04:51:32.438049,2026-01-23T05:12:32.827140,1260.39
subject_id,split_no,hostname,start_time,end_time,runtime_seconds
48239930456278,0,g3052,2026-01-23T05:12:32.831683,2026-01-23T05:13:36.350456,63.52
subject_id,split_no,hostname,start_time,end_time,runtime_seconds
59945412009507,0,g3052,2026-01-23T05:13:36.370237,2026-01-23T05:13:46.036933,9.67
subject_id,split_no,hostname,start_time,end_time,runtime_seconds
76084158638666,0,g3052,2026-01-23T05:13:46.043624,2026-01-23T05:13:59.116278,13.07
subject_id,split_no,hostname,start_time,end_time,runtime_seconds
84541548076919,0,g3052,2026-01-23T05:13:59.121215,2026-01-23T05:34:44.490012,1245.37
subject_id,split_no,hostname,start_time,end_time,runtime_seconds
89573218664301,0,g3052,2026-01-23T05:34:44.505889,2026-01-23T05:35:48.476218,63.97
subject_id,split_no,hostname,start_time,end_time,runtime_seconds
10114964023436,1,g3072,2026-01-23T05:36:31.639490,2026-01-23T05:39:11.714374,160.07
subject_id,split_no,hostname,start_time,end_time,runtime_seconds
11793095403620,1,g3072,2026-01-23T05:39:11.745650,2026-01-23T05:39:41.529554,29.78
subject_id,split_no,hostname,start_time,end_time,runtime_seconds
12483336067346,1,g3072,2026-01-23T05:39:41.534051,2026-01-23T05:40:05.737743,24.20
subject_id,split_no,hostname,start_time,end_time,runtime_seconds
13215970035309,1,g3072,2026-01-23T05:40:05.744152,2026-01-23T05:40:32.415045,26.67
subject_id,split_no,hostname,start_time,end_time,runtime_seconds
14938670040464,1,g3072,2026-01-23T05:40:32.422653,2026-01-23T05:40:53.945999,21.52
subject_id,split_no,hostname,start_time,end_time,runtime_seconds
16375427841703,1,g3072,2026-01-23T05:40:53.949694,2026-01-23T05:41:04.565461,10.62
subject_id,split_no,hostname,start_time,end_time,runtime_seconds
16886552183776,1,g3072,2026-01-23T05:41:04.570538,2026-01-23T05:41:16.188910,11.62
subject_id,split_no,hostname,start_time,end_time,runtime_seconds
17438703990611,1,g3072,2026-01-23T05:41:16.195720,2026-01-23T05:41:35.012413,18.82
subject_id,split_no,hostname,start_time,end_time,runtime_seconds
18178570365313,1,g3072,2026-01-23T05:41:35.019428,2026-01-23T05:41:53.850243,18.83
subject_id,split_no,hostname,start_time,end_time,runtime_seconds
18859300738112,1,g3072,2026-01-23T05:41:53.856969,2026-01-23T05:42:06.938337,13.08
subject_id,split_no,hostname,start_time,end_time,runtime_seconds
20227712453519,1,g3072,2026-01-23T05:42:06.946236,2026-01-23T05:42:17.671071,10.72
subject_id,split_no,hostname,start_time,end_time,runtime_seconds
21761046488110,1,g3072,2026-01-23T05:42:17.678054,2026-01-23T05:42:29.089646,11.41
subject_id,split_no,hostname,start_time,end_time,runtime_seconds
22222013311100,1,g3072,2026-01-23T05:42:29.096152,2026-01-23T05:42:48.003659,18.91
subject_id,split_no,hostname,start_time,end_time,runtime_seconds
22734740452340,1,g3072,2026-01-23T05:42:48.011065,2026-01-23T05:43:14.895822,26.88
subject_id,split_no,hostname,start_time,end_time,runtime_seconds
23281773745711,1,g3072,2026-01-23T05:43:14.903377,2026-01-23T05:43:27.584692,12.68
subject_id,split_no,hostname,start_time,end_time,runtime_seconds
24551911631824,1,g3072,2026-01-23T05:43:27.592073,2026-01-23T05:45:04.199020,96.61
subject_id,split_no,hostname,start_time,end_time,runtime_seconds
25549124438619,1,g3072,2026-01-23T05:45:04.204970,2026-01-23T06:02:21.210065,1037.01
subject_id,split_no,hostname,start_time,end_time,runtime_seconds
26893343487601,1,g3072,2026-01-23T06:02:21.276115,2026-01-23T06:03:10.288177,49.01
subject_id,split_no,hostname,start_time,end_time,runtime_seconds
27688522025372,1,g3072,2026-01-23T06:03:10.295136,2026-01-23T06:03:21.886817,11.59
subject_id,split_no,hostname,start_time,end_time,runtime_seconds
28597611781685,1,g3072,2026-01-23T06:03:21.894299,2026-01-23T06:03:33.413576,11.52
subject_id,split_no,hostname,start_time,end_time,runtime_seconds
30223399781499,1,g3072,2026-01-23T06:03:33.420091,2026-01-23T06:03:44.058171,10.64
subject_id,split_no,hostname,start_time,end_time,runtime_seconds
30718077526767,1,g3072,2026-01-23T06:03:44.063520,2026-01-23T06:03:54.332693,10.27
subject_id,split_no,hostname,start_time,end_time,runtime_seconds
31587484358496,1,g3072,2026-01-23T06:03:54.340551,2026-01-23T06:22:15.392492,1101.05
subject_id,split_no,hostname,start_time,end_time,runtime_seconds
32767378073475,1,g3072,2026-01-23T06:22:15.399784,2026-01-23T06:22:52.876219,37.48
subject_id,split_no,hostname,start_time,end_time,runtime_seconds
35918397061286,1,g3072,2026-01-23T06:22:53.048224,2026-01-23T06:23:04.101885,11.05
subject_id,split_no,hostname,start_time,end_time,runtime_seconds
40517844001162,1,g3072,2026-01-23T06:23:04.107395,2026-01-23T06:23:27.311916,23.20
subject_id,split_no,hostname,start_time,end_time,runtime_seconds
45379130198598,1,g3072,2026-01-23T06:23:27.315639,2026-01-23T06:40:43.261083,1035.95
subject_id,split_no,hostname,start_time,end_time,runtime_seconds
49244676843532,1,g3072,2026-01-23T06:40:43.338834,2026-01-23T06:41:19.158219,35.82
subject_id,split_no,hostname,start_time,end_time,runtime_seconds
62146545467058,1,g3072,2026-01-23T06:41:19.163234,2026-01-23T06:41:30.472521,11.31
subject_id,split_no,hostname,start_time,end_time,runtime_seconds
76811337679033,1,g3072,2026-01-23T06:41:30.476498,2026-01-23T06:41:41.840703,11.36
subject_id,split_no,hostname,start_time,end_time,runtime_seconds
84898953059284,1,g3072,2026-01-23T06:41:41.849682,2026-01-23T06:41:52.804432,10.95
subject_id,split_no,hostname,start_time,end_time,runtime_seconds
90024861092544,1,g3072,2026-01-23T06:41:52.808879,2026-01-23T06:42:03.610071,10.80
subject_id,split_no,hostname,start_time,end_time,runtime_seconds
10244062723965,2,g3063,2026-01-23T06:43:02.350191,2026-01-23T06:44:59.268903,116.92
subject_id,split_no,hostname,start_time,end_time,runtime_seconds
11868547770861,2,g3063,2026-01-23T06:44:59.304291,2026-01-23T06:45:26.271345,26.97
subject_id,split_no,hostname,start_time,end_time,runtime_seconds
12603555538074,2,g3063,2026-01-23T06:45:26.278825,2026-01-23T06:45:53.330740,27.05
subject_id,split_no,hostname,start_time,end_time,runtime_seconds
13799268563035,2,g3063,2026-01-23T06:45:53.336190,2026-01-23T06:46:21.234104,27.90
subject_id,split_no,hostname,start_time,end_time,runtime_seconds
15668000246431,2,g3063,2026-01-23T06:46:21.241251,2026-01-23T06:46:46.336870,25.10
subject_id,split_no,hostname,start_time,end_time,runtime_seconds
16580717943140,2,g3063,2026-01-23T06:46:46.343438,2026-01-23T06:47:21.046989,34.70
subject_id,split_no,hostname,start_time,end_time,runtime_seconds
16926185273548,2,g3063,2026-01-23T06:47:21.053870,2026-01-23T06:47:57.728004,36.67
subject_id,split_no,hostname,start_time,end_time,runtime_seconds
17473147525541,2,g3063,2026-01-23T06:47:57.733215,2026-01-23T06:48:35.118685,37.39
subject_id,split_no,hostname,start_time,end_time,runtime_seconds
18188206483800,2,g3063,2026-01-23T06:48:35.125844,2026-01-23T06:49:10.151026,35.03
subject_id,split_no,hostname,start_time,end_time,runtime_seconds
18900019516078,2,g3063,2026-01-23T06:49:10.157384,2026-01-23T06:49:43.923507,33.77
subject_id,split_no,hostname,start_time,end_time,runtime_seconds
20567292369503,2,g3063,2026-01-23T06:49:43.931471,2026-01-23T06:50:16.761661,32.83
subject_id,split_no,hostname,start_time,end_time,runtime_seconds
21802600731288,2,g3063,2026-01-23T06:50:16.768460,2026-01-23T06:50:53.906638,37.14
subject_id,split_no,hostname,start_time,end_time,runtime_seconds
22340848740056,2,g3063,2026-01-23T06:50:53.913107,2026-01-23T06:51:26.018703,32.11
subject_id,split_no,hostname,start_time,end_time,runtime_seconds
22739958691056,2,g3063,2026-01-23T06:51:26.025525,2026-01-23T06:53:52.689958,146.66
subject_id,split_no,hostname,start_time,end_time,runtime_seconds
23517767890026,2,g3063,2026-01-23T06:53:52.696133,2026-01-23T06:54:33.917021,41.22
subject_id,split_no,hostname,start_time,end_time,runtime_seconds
24626801357217,2,g3063,2026-01-23T06:54:33.925318,2026-01-23T07:17:04.554150,1350.63
subject_id,split_no,hostname,start_time,end_time,runtime_seconds
25571147667431,2,g3063,2026-01-23T07:17:04.561206,2026-01-23T07:42:42.849017,1538.29
subject_id,split_no,hostname,start_time,end_time,runtime_seconds
27006137583344,2,g3063,2026-01-23T07:42:42.856170,2026-01-23T07:43:38.756566,55.90
subject_id,split_no,hostname,start_time,end_time,runtime_seconds
27756622012770,2,g3063,2026-01-23T07:43:38.762291,2026-01-23T07:44:52.673700,73.91
subject_id,split_no,hostname,start_time,end_time,runtime_seconds
10398309591377,3,g3074,2026-01-23T08:02:27.759104,2026-01-23T08:05:36.707183,188.95
subject_id,split_no,hostname,start_time,end_time,runtime_seconds
11961775761525,3,g3074,2026-01-23T08:05:36.734091,2026-01-23T08:06:23.095877,46.36
subject_id,split_no,hostname,start_time,end_time,runtime_seconds
12610730367854,3,g3074,2026-01-23T08:06:23.099389,2026-01-23T08:06:34.553533,11.45
subject_id,split_no,hostname,start_time,end_time,runtime_seconds
13982414451514,3,g3074,2026-01-23T08:06:34.560586,2026-01-23T08:06:45.644770,11.08
subject_id,split_no,hostname,start_time,end_time,runtime_seconds
15937880385805,3,g3074,2026-01-23T08:06:45.650201,2026-01-23T08:06:56.798936,11.15
subject_id,split_no,hostname,start_time,end_time,runtime_seconds
28777808709070,2,g3063,2026-01-23T07:44:52.696922,2026-01-23T08:07:01.267313,1328.57
subject_id,split_no,hostname,start_time,end_time,runtime_seconds
16596482480503,3,g3074,2026-01-23T08:06:56.805462,2026-01-23T08:07:09.235531,12.43
subject_id,split_no,hostname,start_time,end_time,runtime_seconds
17101939938068,3,g3074,2026-01-23T08:07:09.243735,2026-01-23T08:07:21.379788,12.14
subject_id,split_no,hostname,start_time,end_time,runtime_seconds
17508842326859,3,g3074,2026-01-23T08:07:21.387278,2026-01-23T08:07:32.500689,11.11
subject_id,split_no,hostname,start_time,end_time,runtime_seconds
18197100217970,3,g3074,2026-01-23T08:07:32.506159,2026-01-23T08:07:44.020858,11.51
subject_id,split_no,hostname,start_time,end_time,runtime_seconds
30249571217369,2,g3063,2026-01-23T08:07:01.277837,2026-01-23T08:07:44.971654,43.69
subject_id,split_no,hostname,start_time,end_time,runtime_seconds
19173649379441,3,g3074,2026-01-23T08:07:44.026442,2026-01-23T08:07:55.149106,11.12
subject_id,split_no,hostname,start_time,end_time,runtime_seconds
20753900311247,3,g3074,2026-01-23T08:07:55.175540,2026-01-23T08:08:07.574504,12.40
subject_id,split_no,hostname,start_time,end_time,runtime_seconds
21845623478439,3,g3074,2026-01-23T08:08:07.580719,2026-01-23T08:08:19.082859,11.50
subject_id,split_no,hostname,start_time,end_time,runtime_seconds
22478736382873,3,g3074,2026-01-23T08:08:19.087600,2026-01-23T08:08:30.522576,11.43
subject_id,split_no,hostname,start_time,end_time,runtime_seconds
30773833734707,2,g3063,2026-01-23T08:07:44.984327,2026-01-23T08:08:35.530315,50.55
subject_id,split_no,hostname,start_time,end_time,runtime_seconds
22783198456254,3,g3074,2026-01-23T08:08:30.527601,2026-01-23T08:08:41.303024,10.78
subject_id,split_no,hostname,start_time,end_time,runtime_seconds
23560806231745,3,g3074,2026-01-23T08:08:41.311549,2026-01-23T08:08:52.817044,11.51
subject_id,split_no,hostname,start_time,end_time,runtime_seconds
25097313172624,3,g3074,2026-01-23T08:08:52.821972,2026-01-23T08:09:04.622995,11.80
subject_id,split_no,hostname,start_time,end_time,runtime_seconds
25639609314537,3,g3074,2026-01-23T08:09:04.625789,2026-01-23T08:09:15.325968,10.70
subject_id,split_no,hostname,start_time,end_time,runtime_seconds
31641093204866,2,g3063,2026-01-23T08:08:35.540040,2026-01-23T08:09:20.810207,45.27
subject_id,split_no,hostname,start_time,end_time,runtime_seconds
27091259602746,3,g3074,2026-01-23T08:09:15.331431,2026-01-23T08:09:27.485013,12.15
subject_id,split_no,hostname,start_time,end_time,runtime_seconds
27896086573534,3,g3074,2026-01-23T08:09:27.493231,2026-01-23T08:11:33.176877,125.68
subject_id,split_no,hostname,start_time,end_time,runtime_seconds
33518721637620,2,g3063,2026-01-23T08:09:20.818164,2026-01-23T08:32:27.165750,1386.35
subject_id,split_no,hostname,start_time,end_time,runtime_seconds
28993716581161,3,g3074,2026-01-23T08:11:33.182713,2026-01-23T08:32:27.860393,1254.68
subject_id,split_no,hostname,start_time,end_time,runtime_seconds
30287088240713,3,g3074,2026-01-23T08:32:27.869999,2026-01-23T08:32:54.636778,26.77
subject_id,split_no,hostname,start_time,end_time,runtime_seconds
36201305796834,2,g3063,2026-01-23T08:32:27.196476,2026-01-23T08:32:55.002228,27.81
subject_id,split_no,hostname,start_time,end_time,runtime_seconds
30809796368199,3,g3074,2026-01-23T08:32:54.641908,2026-01-23T08:33:06.612333,11.97
subject_id,split_no,hostname,start_time,end_time,runtime_seconds
32001092620149,3,g3074,2026-01-23T08:33:06.620186,2026-01-23T08:33:18.402563,11.78
subject_id,split_no,hostname,start_time,end_time,runtime_seconds
33660050820860,3,g3074,2026-01-23T08:33:18.407640,2026-01-23T08:33:29.187004,10.78
subject_id,split_no,hostname,start_time,end_time,runtime_seconds
36361143111330,3,g3074,2026-01-23T08:33:29.189536,2026-01-23T08:33:40.600407,11.41
subject_id,split_no,hostname,start_time,end_time,runtime_seconds
41466768058195,3,g3074,2026-01-23T08:33:40.602665,2026-01-23T08:47:10.230256,809.63
subject_id,split_no,hostname,start_time,end_time,runtime_seconds
46240253759706,3,g3074,2026-01-23T08:47:10.233067,2026-01-23T08:47:40.543485,30.31
subject_id,split_no,hostname,start_time,end_time,runtime_seconds
57059342504789,3,g3074,2026-01-23T08:47:40.548720,2026-01-23T08:48:01.427774,20.88
subject_id,split_no,hostname,start_time,end_time,runtime_seconds
65715967822251,3,g3074,2026-01-23T08:48:01.448391,2026-01-23T08:48:23.908582,22.46
subject_id,split_no,hostname,start_time,end_time,runtime_seconds
40655222067688,2,g3063,2026-01-23T08:32:55.028945,2026-01-23T08:49:38.070847,1003.04
subject_id,split_no,hostname,start_time,end_time,runtime_seconds
78826126469594,3,g3074,2026-01-23T08:48:23.911697,2026-01-23T09:02:53.904710,869.99
subject_id,split_no,hostname,start_time,end_time,runtime_seconds
86494014107780,3,g3074,2026-01-23T09:02:53.927210,2026-01-23T09:03:39.602617,45.68
subject_id,split_no,hostname,start_time,end_time,runtime_seconds
99542841613815,3,g3074,2026-01-23T09:03:39.605558,2026-01-23T09:03:52.736504,13.13
subject_id,split_no,hostname,start_time,end_time,runtime_seconds
45519297964635,2,g3063,2026-01-23T08:49:38.098052,2026-01-23T09:04:06.552028,868.45
subject_id,split_no,hostname,start_time,end_time,runtime_seconds
50276292875695,2,g3063,2026-01-23T09:04:06.572765,2026-01-23T09:04:48.749886,42.18
subject_id,split_no,hostname,start_time,end_time,runtime_seconds
62692215849422,2,g3063,2026-01-23T09:04:48.755075,2026-01-23T09:05:44.137735,55.38
subject_id,split_no,hostname,start_time,end_time,runtime_seconds
10429562789336,4,g3040,2026-01-23T09:04:43.388347,2026-01-23T09:05:54.431695,71.04
subject_id,split_no,hostname,start_time,end_time,runtime_seconds
12167198495341,4,g3040,2026-01-23T09:05:54.439822,2026-01-23T09:06:05.593990,11.15
subject_id,split_no,hostname,start_time,end_time,runtime_seconds
12672270699804,4,g3040,2026-01-23T09:06:05.601004,2026-01-23T09:06:16.970118,11.37
subject_id,split_no,hostname,start_time,end_time,runtime_seconds
14125911381782,4,g3040,2026-01-23T09:06:16.978088,2026-01-23T09:06:27.818043,10.84
subject_id,split_no,hostname,start_time,end_time,runtime_seconds
16058787153001,4,g3040,2026-01-23T09:06:27.824385,2026-01-23T09:06:39.302322,11.48
subject_id,split_no,hostname,start_time,end_time,runtime_seconds
16635154909336,4,g3040,2026-01-23T09:06:39.308764,2026-01-23T09:06:51.416275,12.11
subject_id,split_no,hostname,start_time,end_time,runtime_seconds
17236206359109,4,g3040,2026-01-23T09:06:51.423497,2026-01-23T09:07:02.205867,10.78
subject_id,split_no,hostname,start_time,end_time,runtime_seconds
17641413509638,4,g3040,2026-01-23T09:07:02.212710,2026-01-23T09:07:13.680424,11.47
subject_id,split_no,hostname,start_time,end_time,runtime_seconds
18587545975395,4,g3040,2026-01-23T09:07:13.684094,2026-01-23T09:07:24.936155,11.25
subject_id,split_no,hostname,start_time,end_time,runtime_seconds
19216744737641,4,g3040,2026-01-23T09:07:24.939875,2026-01-23T09:07:35.656913,10.72
subject_id,split_no,hostname,start_time,end_time,runtime_seconds
20802163963645,4,g3040,2026-01-23T09:07:35.660759,2026-01-23T09:07:45.949220,10.29
subject_id,split_no,hostname,start_time,end_time,runtime_seconds
21909463934838,4,g3040,2026-01-23T09:07:45.953172,2026-01-23T09:07:57.023200,11.07
subject_id,split_no,hostname,start_time,end_time,runtime_seconds
22513869714470,4,g3040,2026-01-23T09:07:57.049069,2026-01-23T09:08:08.138807,11.09
subject_id,split_no,hostname,start_time,end_time,runtime_seconds
23148363972280,4,g3040,2026-01-23T09:08:08.142725,2026-01-23T09:08:19.713540,11.57
subject_id,split_no,hostname,start_time,end_time,runtime_seconds
24081053373989,4,g3040,2026-01-23T09:08:19.717475,2026-01-23T09:08:31.746783,12.03
subject_id,split_no,hostname,start_time,end_time,runtime_seconds
25242073263098,4,g3040,2026-01-23T09:08:31.755862,2026-01-23T09:08:42.660953,10.91
subject_id,split_no,hostname,start_time,end_time,runtime_seconds
26098224140177,4,g3040,2026-01-23T09:08:42.666316,2026-01-23T09:10:17.485721,94.82
subject_id,split_no,hostname,start_time,end_time,runtime_seconds
27148952284995,4,g3040,2026-01-23T09:10:17.503409,2026-01-23T09:11:01.031210,43.53
subject_id,split_no,hostname,start_time,end_time,runtime_seconds
27900479268080,4,g3040,2026-01-23T09:11:01.036406,2026-01-23T09:26:32.482330,931.45
subject_id,split_no,hostname,start_time,end_time,runtime_seconds
77553978098979,2,g3063,2026-01-23T09:05:44.144438,2026-01-23T09:26:58.847876,1274.70
subject_id,split_no,hostname,start_time,end_time,runtime_seconds
86479430180778,2,g3063,2026-01-23T09:26:58.878484,2026-01-23T09:27:42.830136,43.95
subject_id,split_no,hostname,start_time,end_time,runtime_seconds
93491128291443,2,g3063,2026-01-23T09:27:42.833843,2026-01-23T09:28:26.120577,43.29
subject_id,split_no,hostname,start_time,end_time,runtime_seconds
10441917611067,5,g3074,2026-01-23T09:28:57.703560,2026-01-23T09:29:42.154005,44.45
subject_id,split_no,hostname,start_time,end_time,runtime_seconds
12266467217442,5,g3074,2026-01-23T09:29:42.183938,2026-01-23T09:29:53.640221,11.46
subject_id,split_no,hostname,start_time,end_time,runtime_seconds
12685165126954,5,g3074,2026-01-23T09:29:53.643894,2026-01-23T09:30:05.250362,11.61
subject_id,split_no,hostname,start_time,end_time,runtime_seconds
14762184019761,5,g3074,2026-01-23T09:30:05.260226,2026-01-23T09:30:16.685727,11.43
subject_id,split_no,hostname,start_time,end_time,runtime_seconds
16228664760455,5,g3074,2026-01-23T09:30:16.692071,2026-01-23T09:30:27.474212,10.78
subject_id,split_no,hostname,start_time,end_time,runtime_seconds
16741868665515,5,g3074,2026-01-23T09:30:27.481155,2026-01-23T09:30:38.547855,11.07
subject_id,split_no,hostname,start_time,end_time,runtime_seconds
17262617574870,5,g3074,2026-01-23T09:30:38.552176,2026-01-23T09:30:49.299957,10.75
subject_id,split_no,hostname,start_time,end_time,runtime_seconds
17816672235957,5,g3074,2026-01-23T09:30:49.307375,2026-01-23T09:31:00.391074,11.08
subject_id,split_no,hostname,start_time,end_time,runtime_seconds
18593047283669,5,g3074,2026-01-23T09:31:00.398221,2026-01-23T09:31:13.020491,12.62
subject_id,split_no,hostname,start_time,end_time,runtime_seconds
19247185345726,5,g3074,2026-01-23T09:31:13.027042,2026-01-23T09:31:24.011952,10.98
subject_id,split_no,hostname,start_time,end_time,runtime_seconds
20928443018612,5,g3074,2026-01-23T09:31:24.018802,2026-01-23T09:31:34.760474,10.74
subject_id,split_no,hostname,start_time,end_time,runtime_seconds
21912957831748,5,g3074,2026-01-23T09:31:34.766874,2026-01-23T09:31:46.059957,11.29
subject_id,split_no,hostname,start_time,end_time,runtime_seconds
22649012359469,5,g3074,2026-01-23T09:31:46.064559,2026-01-23T09:33:01.877905,75.81
subject_id,split_no,hostname,start_time,end_time,runtime_seconds
23218855559881,5,g3074,2026-01-23T09:33:01.888433,2026-01-23T09:33:27.615193,25.73
subject_id,split_no,hostname,start_time,end_time,runtime_seconds
24218688635597,5,g3074,2026-01-23T09:33:27.619530,2026-01-23T09:33:38.782074,11.16
subject_id,split_no,hostname,start_time,end_time,runtime_seconds
25310981994593,5,g3074,2026-01-23T09:33:38.787033,2026-01-23T09:33:52.064153,13.28
subject_id,split_no,hostname,start_time,end_time,runtime_seconds
26833157256271,5,g3074,2026-01-23T09:33:52.070643,2026-01-23T09:34:02.949265,10.88
subject_id,split_no,hostname,start_time,end_time,runtime_seconds
27493821342368,5,g3074,2026-01-23T09:34:02.954862,2026-01-23T09:34:14.721175,11.77
subject_id,split_no,hostname,start_time,end_time,runtime_seconds
27983637270581,5,g3074,2026-01-23T09:34:14.753855,2026-01-23T09:34:36.688709,21.93
subject_id,split_no,hostname,start_time,end_time,runtime_seconds
29626022997414,5,g3074,2026-01-23T09:34:36.695865,2026-01-23T09:34:47.455612,10.76
subject_id,split_no,hostname,start_time,end_time,runtime_seconds
30501682770038,5,g3074,2026-01-23T09:34:47.462313,2026-01-23T09:34:58.651713,11.19
subject_id,split_no,hostname,start_time,end_time,runtime_seconds
31351035633578,5,g3074,2026-01-23T09:34:58.660924,2026-01-23T09:35:30.461002,31.80
subject_id,split_no,hostname,start_time,end_time,runtime_seconds
29164716624643,4,g3040,2026-01-23T09:26:32.488125,2026-01-23T09:43:02.910602,990.42
subject_id,split_no,hostname,start_time,end_time,runtime_seconds
30390669934425,4,g3040,2026-01-23T09:43:02.923066,2026-01-23T09:43:49.447026,46.52
subject_id,split_no,hostname,start_time,end_time,runtime_seconds
31106616463767,4,g3040,2026-01-23T09:43:49.449250,2026-01-23T09:44:17.628783,28.18
subject_id,split_no,hostname,start_time,end_time,runtime_seconds
32226512142846,5,g3074,2026-01-23T09:35:30.467135,2026-01-23T09:55:25.537149,1195.07
subject_id,split_no,hostname,start_time,end_time,runtime_seconds
33718969393831,5,g3074,2026-01-23T09:55:25.564716,2026-01-23T09:56:30.185183,64.62
subject_id,split_no,hostname,start_time,end_time,runtime_seconds
38673156607957,5,g3074,2026-01-23T09:56:30.188886,2026-01-23T09:56:41.938894,11.75
subject_id,split_no,hostname,start_time,end_time,runtime_seconds
45203724572086,5,g3074,2026-01-23T09:56:41.942778,2026-01-23T09:56:54.515929,12.57
subject_id,split_no,hostname,start_time,end_time,runtime_seconds
47982566359889,5,g3074,2026-01-23T09:56:54.522993,2026-01-23T09:57:05.786253,11.26
subject_id,split_no,hostname,start_time,end_time,runtime_seconds
32187582546363,4,g3040,2026-01-23T09:44:17.633470,2026-01-23T09:57:09.517541,771.88
subject_id,split_no,hostname,start_time,end_time,runtime_seconds
59499886691466,5,g3074,2026-01-23T09:57:05.790882,2026-01-23T09:57:17.383501,11.59
subject_id,split_no,hostname,start_time,end_time,runtime_seconds
33690685722826,4,g3040,2026-01-23T09:57:09.526715,2026-01-23T09:57:58.833090,49.31
subject_id,split_no,hostname,start_time,end_time,runtime_seconds
36377400251983,4,g3040,2026-01-23T09:57:58.852978,2026-01-23T09:58:10.878649,12.03
subject_id,split_no,hostname,start_time,end_time,runtime_seconds
43717166913394,4,g3040,2026-01-23T09:58:10.886725,2026-01-23T09:58:22.863988,11.98
subject_id,split_no,hostname,start_time,end_time,runtime_seconds
46975302291393,4,g3040,2026-01-23T09:58:22.871069,2026-01-23T10:13:34.587834,911.72
subject_id,split_no,hostname,start_time,end_time,runtime_seconds
71849017280872,5,g3074,2026-01-23T09:57:17.387872,2026-01-23T10:13:36.131198,978.74
subject_id,split_no,hostname,start_time,end_time,runtime_seconds
59243724971828,4,g3040,2026-01-23T10:13:34.591933,2026-01-23T10:14:05.684117,31.09
subject_id,split_no,hostname,start_time,end_time,runtime_seconds
82298679836592,5,g3074,2026-01-23T10:13:36.138979,2026-01-23T10:14:06.719639,30.58
subject_id,split_no,hostname,start_time,end_time,runtime_seconds
88976336920958,5,g3074,2026-01-23T10:14:06.727049,2026-01-23T10:14:18.092262,11.37
subject_id,split_no,hostname,start_time,end_time,runtime_seconds
70763336732891,4,g3040,2026-01-23T10:14:05.739153,2026-01-23T10:29:15.501050,909.76
subject_id,split_no,hostname,start_time,end_time,runtime_seconds
79138744870647,4,g3040,2026-01-23T10:29:15.536147,2026-01-23T10:49:29.452315,1213.92
subject_id,split_no,hostname,start_time,end_time,runtime_seconds
88701623027519,4,g3040,2026-01-23T10:49:29.458391,2026-01-23T10:50:28.391694,58.93
